Gene.Symbol,minuslog_pval,qval,log2FC
Micu1,5.43851170,0.00000000,-3.96278393
Lars2,16.40534246,0.00000000,-2.56732174
Aldh1l2,4.68163209,0.00000000,-2.55698581
Tysnd1,4.92437167,0.00000000,-2.55204531
Sptbn1,6.27609259,0.00000000,-2.50834352
Anxa5,5.66960918,0.00000000,-2.66087787
Gsn,5.14458402,0.00851900,-2.65144376
Itpr1,4.74436148,0.00000000,-2.41617443
Atp1a4,5.58042131,0.00402410,-2.34562855
Col6a1,4.84103430,0.00000000,-2.17722219
Uggt1,4.52034741,0.00000000,-2.16221162
Vil1,4.48412660,0.00000000,-2.11782038
Klhdc7a,4.44727096,0.00000000,-2.07564481
Canx,9.97091210,0.00000000,-2.03413260
Slc12a3,5.88978524,0.00000000,-1.85647138
Gpt2,4.82009984,0.00000000,-1.80243514
Myh9,5.94730400,0.00000000,-1.76084575
Lamb1,4.92212714,0.00000000,-1.64928125
Rbfa,4.70151463,0.00000000,-1.62462685
Rfk,9.04592907,0.00000000,-1.58757249
Afg3l1,4.68681264,0.00000000,-1.50371987
Gm4450,4.69275511,0.00000000,-1.44077324
Nudt13,4.51074144,0.00000000,-1.38250140
Gpam,5.23207305,0.00000000,-1.35574876
Sardh,12.52249804,0.00000000,-1.29547704
Mrps17,5.10317575,0.00000000,-1.20900556
Tmlhe,4.56093893,0.00000000,-1.06489047
Endog,5.60539500,0.00000000,-1.01901975
Ccbl2,6.93869281,0.00000000,-0.97174642
Sco1,6.21882515,0.00000000,-0.96358837
Ckmt1,4.74411665,0.00000000,-0.96048292
Opa1,4.60055707,0.00000000,-0.94711290
Dhtkd1,4.36247920,0.00000000,-0.91797517
Rdh12,4.77326102,0.00973390,-0.88297972
Fis1,5.01710836,0.00000000,-0.84495457
Cecr5,4.57536902,0.00000000,-0.72380276
Usmg5,5.46128464,0.00000000,-0.66842770
Mtfr1,5.11460985,0.00000000,-0.58773069
Lactb,4.86075727,0.00000000,-0.57094869
Isca2,7.11472416,0.00000000,-0.51529347
Phb,4.43919385,0.00000000,-0.37398873
Mrrf,5.26687540,0.00000000,-0.37286858
Madd,8.93946712,1.00000000,5.00000000
Adck2,6.53368275,0.00000000,-5.00000000
Abca3,4.37290689,0.00000000,5.00000000
Dtd1,6.77698095,0.00000000,2.55305793
Abr,9.05390995,1.00000000,2.48881858
Crls1,5.98370183,0.00000000,1.63766231
Atpif1,5.45939281,0.00000000,1.60865757
Pnkd,4.40098689,0.00000000,1.57596738
Bnip3,6.33339289,0.00000000,1.56135331
Elmod2,6.00335462,0.00000000,1.31332227
Arl8b,4.37392327,0.00000000,1.10656940
Rpl23a,6.26620639,0.00000000,1.10419566
Mrps36,5.19339620,0.00000000,1.03297688
Chchd1,5.57034565,0.00000000,1.01048451
Timm22,5.52233274,0.00000000,0.95308454
Ccdc127,4.55848298,0.00000000,0.91175478
Nme4,5.20792006,0.00000000,0.82778442
Slc25a30,5.39341214,0.00000000,0.82107684
Mtfr1l,4.44647256,0.00000000,0.72408317
Msra,4.36428645,0.00000000,0.58726516
Acss3,4.53840726,0.00000000,0.51810638
Acot1,5.59625459,0.00000000,0.21207482
Cubn,1.78398012,0.00000000,-7.04404699
Galns,1.34366837,0.00000000,-5.94680008
Tdrd6,1.33917956,1.00000000,-5.87682311
Smpdl3a,1.91350633,0.00000000,-5.29154595
,2.41620247,0.00000000,-4.91220286
Vps13a,3.43095884,0.00000000,-3.46761842
Pdpr,3.31032252,0.00000000,-3.37535995
Lrp2,2.88966223,0.00000000,-3.24624949
Uqcr11,2.26977549,0.00000000,-3.03435170
Myh10,1.74448464,0.00912650,-3.00820673
Romo1,2.16722057,0.00000000,-2.66592748
Sptan1,3.97381767,0.00000000,-2.61569478
mt-Nd4;Mtnd4,2.76160369,0.00000000,-2.52790493
Vps13d,4.21811904,0.00000000,-2.44749937
Hist1h2al;Hist2h2ac;Hist2h2aa1,1.59709813,0.00000000,-2.43705710
Mtnd1,3.03622800,0.00000000,-2.27157124
mt-Atp8;Mtatp8,2.41091967,0.00000000,-2.12990238
Tspo,1.61926157,0.00000000,-2.05237721
Dmgdh,2.33125136,0.00000000,-1.61761329
Sdhd,1.43092606,0.00000000,-1.57300535
Ndufa4,2.36829992,0.00000000,-1.45794458
Decr2,3.67930614,0.00000000,1.31874904
Atp5j,3.03635247,0.00000000,1.61822885
Pdzk1,2.14935070,0.00000000,1.66711842
2210010C04Rik,1.42114638,0.00000000,3.50030187
Dstn,1.63967873,0.00000000,3.50504325
Caprin1,1.23935028,1.00000000,3.74093777
Pus1,2.64234821,0.00000000,3.74604679
Clip1,3.91907015,1.00000000,3.79530916
Krt14,1.75109394,0.00000000,4.71668180
Cps1,1.32123385,0.00000000,4.93613625
Mutyh,2.44685721,0.00203800,6.12518582
Micu2,3.12135638,0.00000000,-4.69800453
Helt,2.79004956,1.00000000,-4.53021080
Cox8a,1.52592801,0.00000000,-4.31891097
Fn1,2.86498692,0.00000000,-3.92464719
Eci2,1.87788689,0.00000000,-3.65274404
Flnb,2.36829702,0.00000000,-3.41445935
Metrn,1.20954819,1.00000000,-3.41364644
Gaa,1.89985008,0.00000000,-3.28345486
Hist1h2aa;Hist1h2ah;H2afj;Hist1h2ak;Hist1h2af;Hist3h2a;Hist1h2ab,2.26990197,0.00000000,-3.27899664
Flna,1.54764713,0.00000000,-3.19362490
Napsa,1.51400380,0.00000000,-3.03700238
Atp2b1,1.66153684,0.00000000,-2.98883408
Taldo1,2.70264959,0.00912050,-2.93782141
Nid1,1.48346810,0.00000000,-2.84836619
Ctsa,1.32831659,0.00000000,-2.83203213
Lamp1,1.98641762,0.00000000,-2.82440741
Ctsb,2.00284939,0.00000000,-2.81522632
Ppt1,2.81418915,0.00000000,-2.74965778
Atp2b4,2.52705558,0.00000000,-2.71213218
Them6,2.19608134,0.00000000,-2.71019190
Rpl7,2.00680586,0.00000000,-2.69188044
Gng12,1.80205347,0.00000000,-2.65406309
Retn,1.20825064,0.00000000,-2.56251218
Wiz,1.41945246,1.00000000,-2.55851714
Gpi;Gm1840,1.64412853,0.00000000,-2.55072580
Hist1h3b,1.64931810,0.00000000,-2.52852763
Ces1,1.08309987,0.00000000,-2.52650476
Pgam5,2.98786570,0.00000000,-2.45087429
Dnajc13,4.02275025,0.00000000,-2.41151924
Vnn1,2.77918220,0.00000000,-2.33788875
mt-Nd4l;Mtnd4l,2.29548912,0.00000000,-2.28643765
Lipa,1.02757407,0.00000000,-2.26459979
Ckap4,2.26762693,0.00000000,-2.26309208
Tagln2,2.74764736,0.00000000,-2.24595352
Hspg2,1.90395385,0.00000000,-2.23761358
mt-Nd2;Mtnd2,3.23695882,0.00000000,-2.22946404
,1.98342004,0.00000000,-2.20621538
Tgm1,4.08994375,0.00000000,-2.20603405
Clic4,1.00608004,0.00787920,-2.17508534
Gdi2,1.63286291,0.00000000,-2.16540596
Aco1,2.81887469,0.00000000,-2.13649125
Tpp1,1.40334524,0.00000000,-2.11498794
Gnai3,1.19926497,0.00000000,-2.10627060
Tmx2,2.71467879,0.00000000,-2.09535939
Prelid1,2.36927531,0.00000000,-2.08315290
Nid2,1.43976662,0.00000000,-2.07883450
Aldh1b1,2.12821378,0.00000000,-2.07021778
Ctsd,2.76604267,0.00000000,-2.05130374
Atl3,1.57659713,0.00000000,-2.02800085
Abracl,2.62765441,0.00000000,-2.01763579
Ctnnb1,1.09026560,0.00000000,-2.00007505
Uba52;Kxd1;Ubc;Ubb;Rps27a;Gm5239;Gm7808,2.76227463,0.00000000,-1.99332241
Tln1,2.43778418,0.00000000,-1.99332218
Me2,1.17421715,0.00000000,-1.96121230
Pdp1,3.71225990,0.00000000,-1.95501238
Col9a2,0.94033806,1.00000000,-1.93201196
Mpp1,1.87148182,0.00068259,-1.92604015
Lamc1,2.46681252,0.00000000,-1.85992202
Coa6,1.15141080,0.00000000,-1.83255576
Csl,1.40185217,1.00000000,-1.78264990
Myo7b,1.52381928,0.00000000,-1.74813220
Aurkaip1,1.47226134,0.00000000,-1.72902859
Mtpap,1.92848151,0.00000000,-1.72821723
Slit1,1.02449844,0.00968370,-1.72562227
Col6a3,2.45356953,0.00000000,-1.67847659
Hsd11b2,3.77780797,0.00000000,-1.64390940
Polg,1.87693818,0.00000000,-1.63532085
Ptrhd1,1.42333645,0.00533690,-1.61387482
Atp5c1,2.86481571,0.00000000,-1.57608418
Ace,1.82888136,0.00000000,-1.57322711
Dsp,1.07944959,0.00000000,-1.54694336
Hist1h2bc;Hist2h2bb;Hist1h2bh;Hist1h2bm;Hist1h2bp;Hist1h2bb;Hist1h2bf;Hist1h2br;Hist1h2bk;Hist3h2ba;Hist3h2bb;Hist2h2be;Hist1h2ba,1.51064173,0.00000000,-1.53706045
Ctsh,1.03112103,0.00000000,-1.53371267
Paics,4.22724529,0.00000000,-1.53289086
Gls,0.95859298,0.00000000,-1.52229059
Ghitm,2.49766324,0.00000000,-1.52212972
Nt5dc3,0.79020605,0.00000000,-1.49386165
Gars,1.71994641,0.00000000,-1.45142921
Abca6,4.08996958,1.00000000,-1.44859546
Gm2a,1.24362785,0.00000000,-1.44834663
Cct6a,0.79402522,0.00913240,-1.44364208
Mp68,1.87005840,0.00000000,-1.39490364
Abcc2,1.61050001,0.00000000,-1.38905304
Rmdn1,1.93847091,0.00000000,-1.38482275
Glg1,1.76988023,1.00000000,-1.37655890
Atox1,1.30146574,0.00000000,-1.36318397
Rhcg,1.01219135,0.00000000,-1.36107975
Rnaset2,1.30547931,0.00000000,-1.34012080
Cd81,2.45136541,0.00000000,-1.31222162
Fxn,3.16518604,0.00000000,-1.30347332
Uqcr10,2.32691095,0.00000000,-1.26427251
Slc8a1,2.28276826,0.00000000,-1.26060922
Sema4d,0.68927278,0.00595630,-1.25574756
Ndufa3,2.28642538,0.00000000,-1.25321210
Ctnna1,2.01337122,0.00000000,-1.25178173
Rab39a,1.72625843,0.00000000,-1.23826601
Bgn,1.05956586,0.00972130,-1.21305181
C3,1.53349001,0.00000000,-1.21144713
Mrpl47,2.33922288,0.00000000,-1.20095239
Cltc,4.23357472,0.00000000,-1.19554956
Eral1,2.82681132,0.00000000,-1.19547391
Ctsc,2.66272355,0.00000000,-1.18550857
Mtg2,1.84022203,0.00000000,-1.16635168
Nudt6,2.49680002,0.00000000,-1.16494793
Atp5g1;Atp5g3;Atp5g2,0.92876550,0.00000000,-1.14627458
Mpv17,1.63929275,0.00000000,-1.14505626
Mtx1,4.13173603,0.00000000,-1.13961315
Hemk1,1.14150084,0.00000000,-1.13795702
Hebp1,1.42518109,0.00000000,-1.12587476
Aldh1a1;Aldh1a7,1.76312157,0.00000000,-1.12395964
Elac2,2.19710829,0.00000000,-1.11993693
Pdcd6ip,0.62522128,0.00660500,-1.11960212
Tmem14c,1.17400069,0.00000000,-1.10732120
Mrpl33,2.30958814,0.00000000,-1.10629449
Mtfmt,3.31770928,0.00000000,-1.10589836
Aldh1l1,1.86334018,0.00000000,-1.50735477
Actbl2,1.65311569,0.00000000,-1.08167014
Slc25a29,1.52164687,0.00000000,-1.07188963
Ddx28,1.39925389,0.00000000,-1.07004235
Gm1818;Tfb2m,2.63915590,0.00000000,-1.06905688
Adh1,2.56398266,0.00000000,-1.06618894
Gtpbp10,3.99620296,0.00000000,-1.05729265
Mrps18c,2.76893017,0.00000000,-1.05608521
Rala,0.76835696,0.00000000,-1.05133296
Fmo2,1.54759578,0.00000000,-1.04709930
Sod1,2.57912144,0.00000000,-1.03656179
Ndufb9,2.57060644,0.00000000,-1.02286007
Flad1,2.09446348,0.00000000,-1.00961830
Stx8,0.56924638,0.00000000,-1.00766096
Mpc1,1.78686208,0.00000000,-1.00661296
Mrs2,3.08617191,0.00000000,-1.00514136
Fastkd2,3.35152086,0.00000000,-0.99672559
mt-Atp6;Mtatp6,2.03123670,0.00000000,-0.99546799
Nomo1,1.33465444,0.00000000,-0.99507406
Gm10073;Rplp1,1.41645384,0.00000000,-0.99456942
Cpox,2.32064546,0.00000000,-0.99369757
Cebpzos,3.88638749,0.00000000,-0.99071844
mt-Co1;Mtco1,2.89911698,0.00000000,-0.96155735
Pdhb,4.31535055,0.00000000,-0.96126674
Asah1,3.15923886,0.00000000,-0.95710643
Micu3,4.19387801,0.00000000,-0.95268805
mt-Nd5;Mtnd5,3.83317579,0.00000000,-0.95242468
Cyp2a22,2.89569603,0.00000000,-0.94706911
Hyou1,1.48247360,0.00000000,-0.93592432
Cd47,1.05583939,0.00000000,-0.93182039
Ndufs8,2.80014259,0.00000000,-0.93074975
Lrrc45,1.50695235,0.00531910,-0.93019320
Ndufaf1,3.76334377,0.00000000,-0.91240960
Ostc,2.38826880,0.00203940,-0.90559069
Mfn1,2.63843908,0.00000000,-0.90266014
Pdss1,2.57304628,0.00000000,-0.89567278
Mrpl51,3.48452672,0.00000000,-0.89391469
Synj2bp,1.95813001,0.00000000,-0.89128492
Uqcc2,3.31836632,0.00000000,-0.88166550
Atp4a,0.84547023,0.00000000,-0.88096516
Kdelr1,1.19190806,0.00000000,-0.87896920
Slc25a32,2.14038406,0.00000000,-0.87637932
Timm17a,1.77555163,0.00000000,-0.87027433
Mrps24,2.63088140,0.00000000,-0.86355308
Cbr1,2.44987290,0.00000000,-0.86194383
Malsu1,2.21125831,0.00000000,-0.83913285
Gstm1,2.99821102,0.00000000,-0.83617672
Tmem205,0.64442576,0.00000000,-0.83611450
Hist1h4a,0.83990335,0.00000000,-0.82617413
Atp5j2,2.53914249,0.00000000,-0.82323834
Slc25a24,0.76894853,0.00000000,-0.82275286
Mrpl42,1.54230493,0.00000000,-0.82184577
Slc25a17,1.78510216,0.00000000,-0.82063302
Pycr2,1.89216942,0.00000000,-0.81980944
Ak2,2.12563840,0.00000000,-0.81905910
Hsd3b2,1.03660483,0.00000000,-0.81294796
Atp5l,2.32746071,0.00000000,-0.81141927
Rexo2,1.76940692,0.00000000,-0.80986567
Rps11,1.08958391,0.00595240,-0.80661792
H3f3a;H3f3c;Hist1h3a,0.88108616,0.00000000,-0.80659285
Far1,1.88573283,0.00000000,-0.80577389
Qil1,3.99367708,0.00000000,-0.80546914
Dnajc28,3.17452568,0.00000000,-0.80397271
Tmem160,1.87376968,0.00000000,-0.80101987
S100g,1.31030382,0.00000000,-0.79993898
Slc4a4,3.19946904,0.00000000,-0.79530677
Acsf2,0.70964907,0.00000000,-0.77863858
Rpl10a,1.04800127,0.00000000,-0.77273340
Rab7a,4.19245763,0.00000000,-0.77189652
Mdp1,3.44356115,0.00000000,-0.76959193
Serpina3m,0.47856755,0.00000000,-0.76779203
Cyb5r1,1.99652942,0.00000000,-0.76476933
Ppox,2.15214571,0.00000000,-0.76449497
G6pc,0.84394946,0.00000000,-0.76279477
Man2b1,0.96007257,0.00000000,-0.76190721
Ccdc51,2.00402248,0.00000000,-0.76061494
Hnrnpk;Gm7964,0.87948166,0.00000000,-0.75967386
Ndufab1,1.35465014,0.00000000,-0.75798217
Mcee,3.19082662,0.00000000,-0.75564122
Slc26a9,0.72947368,1.00000000,-0.75109658
Mcl1,0.75985654,0.00000000,-0.74806866
Hkdc1,1.38689142,0.00000000,-0.74754171
Fahd1,3.19518872,0.00000000,-0.74680954
Iah1,1.54924629,0.00000000,-0.74659306
Mrpl44,2.13225645,0.00000000,-0.73667165
Comtd1,1.79309957,0.00000000,-0.73254500
Tomm7,0.69841714,0.00000000,-0.72767080
Atp5c1,0.66877121,1.00000000,-0.72364243
Lrpprc,1.50675363,0.00000000,-0.72343945
Hoga1,3.43921605,0.00000000,-0.71936386
Dhodh,2.93511869,0.00000000,-0.71830077
Hsd17b11,1.22171198,0.00000000,-0.71284480
Pars2,1.65264960,0.00000000,-0.70897896
Fhit,2.49552890,0.00000000,-0.70614534
Abhd3,1.42265969,0.00000000,-0.70230833
Ndufs5,1.51809110,0.00000000,-0.69862619
Enpep,2.24242966,0.00000000,-0.69565642
Pcbd1,2.23747344,0.00000000,-0.68569365
Apaf1,0.71249057,1.00000000,-0.67830276
Dhx30,1.51392703,0.00000000,-0.67719097
Gcsh,0.72144932,0.00000000,-0.67366572
Dpep1,0.38638424,0.00000000,-0.67215785
Rpl30,0.81486641,0.00849670,-0.66402045
Ndufs2,2.08656637,0.00000000,-0.66394252
Tmem256,4.02570699,0.00000000,-0.66177655
Pgls,3.13139834,0.00000000,-0.65950157
Maoa,1.01166112,0.00000000,-0.65817982
Gsta3,1.69598175,0.00000000,-0.65738426
Actn1,0.41269199,0.00000000,-0.65110290
Rhot2,2.27474348,0.00000000,-0.63978118
Sod2,2.94918103,0.00000000,-0.63895899
Sec61a1,0.61201741,0.00269720,-0.63865651
Acyp2,1.67179949,0.00000000,-0.63818979
Mpdu1,0.40314914,0.00597210,-0.63769168
Ears2,2.76835175,0.00000000,-0.63535515
Atp1a1,2.52609055,0.00000000,-0.63124753
Mrpl4,1.79976261,0.00000000,-0.62694527
Dnaja3,3.29110493,0.00000000,-0.62472794
Cdh2,0.44952440,0.00594840,-0.62465225
Mff,2.73476459,0.00000000,-0.62453116
Mterf2,0.89228218,0.00000000,-0.62406798
Slc3a2,3.73759373,0.00000000,-0.61673654
Surf4,1.41570671,0.00000000,-0.61594419
Ccdc58,2.19861565,0.00000000,-0.60878358
Ptcd1,0.85521703,0.00000000,-0.60746317
Lamp2,1.63529835,0.00000000,-0.60734137
Slc5a8,0.85820552,0.00000000,-0.60354418
Rmdn3,3.44979344,0.00000000,-0.60351826
Pxmp4,1.86205015,0.00000000,-0.60186958
Gnai2,0.58693283,0.00000000,-0.59764914
Carkd,2.94901834,0.00000000,-0.59567558
Apoh,0.48641218,0.00000000,-0.59555025
Arl3,1.32759575,0.00270270,-0.59308347
Timm23,2.21521801,0.00000000,-0.58939109
Myl6,0.94842012,0.00000000,-0.58875158
Acsl4,0.96862263,0.00000000,-0.58754032
Coa7,0.83835799,0.00000000,-0.58711537
Timm8a1,0.81473507,0.00000000,-0.58695128
Anxa2,0.81399757,0.00000000,-0.58538892
Mtif2,1.92732585,0.00000000,-0.58509578
Rab24,3.04047212,0.00000000,-0.58346691
Tfam,2.67644979,0.00000000,-0.58258296
Mrpl15,3.93120672,0.00000000,-0.57903123
Gstk1,1.54244519,0.00000000,-0.57756796
Parl,2.01315560,0.00000000,-0.57383091
Ptar1,0.85766872,0.00848560,-0.57289384
Bola3,1.11162998,0.00000000,-0.57279019
Ndufa12,2.67060068,0.00000000,-0.57236649
Vwa8,2.42193555,0.00000000,-0.57190609
Nt5m,0.70269046,0.00000000,-0.57097938
Ca2,0.50834898,0.00000000,-0.56467640
Htra2,1.37990628,0.00000000,-0.56302936
Ftsj2,0.62723104,0.00000000,-0.56103080
Aqp7,0.57631708,0.00000000,-0.56056889
Pafah2,2.39896727,0.00000000,-0.55933193
Rdh14,3.16230745,0.00000000,-0.54703801
Gfer,1.37794269,0.00000000,-0.54210878
Ech1,1.87972429,0.00000000,-0.53641616
Sfxn3,1.89683132,0.00000000,-0.53512708
Slc5a10,0.67743776,0.00000000,-0.52980120
Sdhaf2,1.61444278,0.00000000,-0.52910342
Hrsp12,1.58866405,0.00000000,-0.52843496
Rab18,2.65698083,0.00000000,-0.52711926
Fundc2,4.08120184,0.00000000,-0.52702624
Cox7a1,2.17213463,0.00000000,-0.52688641
Phb2,2.39277625,0.00000000,-0.52333767
Atp5e,1.19169332,0.00000000,-0.52133093
Arl2,1.82024642,0.00000000,-0.51869846
Acp6,1.01218667,0.00000000,-0.51571193
Cacng6,0.56813717,1.00000000,-0.51557660
Cd9,0.29550644,0.00000000,-0.51515759
Keg1,2.29165445,0.00000000,-0.51378233
Rab1,1.48229081,0.00000000,-0.50867078
Nudt19,2.25186637,0.00000000,-0.50777971
Hsdl1,1.38412251,0.00000000,-0.50540245
Fahd2,2.09188926,0.00000000,-0.50357620
Gpd1,2.36041629,0.00000000,-0.49770300
Ass1;Gm5424,1.29918518,0.00000000,-0.49585539
Dhrs7b,1.50401697,0.00000000,-0.49402653
Eef2,1.38241729,0.00000000,-0.49524788
Reg3g,0.38711037,0.00000000,-0.49027863
Sugct,1.51770491,0.00000000,-0.48893612
Cars2,1.50542547,0.00000000,-0.48799497
Try10,0.50829286,1.00000000,-0.48784938
Mgst3,1.10150331,0.00000000,-0.48582315
Acat1,2.74918223,0.00000000,-0.48452839
Ndufa7,1.19997039,0.00000000,-0.48261831
Prdx1,3.54969354,0.00000000,-0.48117177
Sgms2,0.66612872,0.00403500,-0.48036181
Cox20,3.18882149,0.00000000,-0.48016860
Lias,1.80196114,0.00000000,-0.47846172
Fh,1.68587351,0.00000000,-0.47769582
Nt5c2,0.78638935,0.00000000,-0.47695102
Ldha,1.34468273,0.00000000,-0.47634723
Hax1,1.34661601,0.00000000,-0.47426690
0610011F06Rik,2.14157597,0.00000000,-0.46900139
Fam210b,2.69377134,0.00000000,-0.46855985
Cfl1,0.60851475,0.00000000,-0.46642271
Cbr2,0.77386812,0.00000000,-0.46559749
Arl6,1.02265745,0.00000000,-0.46325148
Iyd,1.14228691,0.00000000,-0.46308025
Entpd5,1.48843176,0.00000000,-0.46190153
Krt76,0.64479058,0.00204080,-0.46174288
Metap1d,1.68854603,0.00000000,-0.46160187
Mrps5,2.07489604,0.00000000,-0.46148377
Rdh9;Rdh16;Gm28046,0.35635077,0.00000000,-0.46103676
Pxmp2,1.12782896,0.00000000,-0.46099556
Tomm20,2.62412415,0.00000000,-0.45445626
Ctsz,0.25921953,0.00000000,-0.45316947
Pipox,1.33693314,0.00000000,-0.45313686
Sfxn2,1.49733902,0.00000000,-0.45245986
Cmbl,0.72966284,0.00000000,-0.45000307
Fabp4,0.41433307,0.00000000,-0.44647566
Rtn3,1.34194911,0.00000000,-0.44448603
Ca5b,1.82069164,0.00000000,-0.44140032
Abhd11,1.21020342,0.00000000,-0.44113307
Fars2,1.03668215,0.00000000,-0.43944556
Lonp2,3.24777056,0.00000000,-0.43706097
Rpl24;Gm17430,0.66804866,0.00136240,-0.43557940
Pdss2,1.94309506,0.00000000,-0.43205538
Tfb1m,2.85759085,0.00000000,-0.43105373
Opa3,1.31243585,0.00000000,-0.43093623
Uqcc1,1.04928757,0.00000000,-0.43047716
Clybl,2.39208177,0.00000000,-0.42990512
Got2,2.51805230,0.00000000,-0.42963976
Txnrd3,1.07084398,0.00000000,-0.42826320
Slc25a22,1.87117088,0.00000000,-0.42756379
Glrx5,1.97777828,0.00000000,-0.42539320
Ptcd3,1.63316852,0.00000000,-0.42425336
Me3,0.66080696,0.00000000,-0.42083296
Atp5o,3.29171381,0.00000000,-0.41957581
Oxct1,2.30792969,0.00000000,-0.41883274
D10Jhu81e,1.32647296,0.00000000,-0.41803857
Calb1,1.35618747,0.00000000,-0.41760833
Ptges2,1.59093713,0.00000000,-0.41708577
Nt5dc2,0.28182384,0.00000000,-0.41491617
Glyat,1.26874335,0.00000000,-0.41355706
Cpt1b,0.92195600,0.00000000,-0.41208937
Mthfs,1.19343372,0.00000000,-0.40854677
Nr1h2,0.61586942,1.00000000,-0.40598501
Hddc2,1.24835010,0.00000000,-0.40547215
Coq3,2.09210605,0.00000000,-0.40422466
Idh3b,2.34732379,0.00000000,-0.40359822
Cox4i1,1.29665778,0.00000000,-0.40229875
Mrpl45,1.13112487,0.00000000,-0.40213808
Hadh,1.43331467,0.00000000,-0.40032201
Pdf,3.53811330,0.00000000,-0.39907777
Lyz2,0.89944671,0.00000000,-0.39854434
Rab1A,2.08502414,0.00000000,-0.39794632
Mto1,1.39089598,0.00000000,-0.39761683
Acad12,1.55623392,0.00000000,-0.39717993
Sdr39u1,1.28940535,0.00000000,-0.39574609
Ndufa9,1.70210933,0.00000000,-0.39454546
Zadh2,2.46731633,0.00000000,-0.39301796
Ubxn4,0.49013859,0.00000000,-0.39198282
Selo,0.67435940,0.00000000,-0.39191495
Mut,2.15164137,0.00000000,-0.39024105
Tmem143,1.05790219,0.00000000,-0.38932818
Pdk1,1.43159476,0.00000000,-0.38624021
Agmat,0.40362526,0.00000000,-0.38594214
Tmem242,0.69706763,0.00000000,-0.38333281
Tmem27,0.62556064,0.00000000,-0.37968853
Cdh16,0.98216118,0.00000000,-0.37734287
Cand1,0.65364999,0.00000000,-0.37728978
Mrpl35,0.46313663,0.00000000,-0.37645820
Emc1,1.52972795,0.00000000,-0.37324186
Cyb5a,2.34401436,0.00000000,-0.37317414
Rpn2,0.97213956,0.00000000,-0.37259929
Pcbd2,1.43397831,0.00000000,-0.37155803
Smdt1,0.76748727,0.00000000,-0.37027554
Hnrnpa3;Gm8991;Gm6793;Gm9242,0.21011026,0.00000000,-0.36938447
Them4,0.94886569,0.00000000,-0.36886561
Hsd3b4,1.52086494,0.00000000,-0.36871586
Atp5b,2.00766238,0.00000000,-0.36842538
Ces1d,1.03876737,0.00000000,-0.36796305
Idh1,1.64372645,0.00000000,-0.36754560
Tmem65,0.88337310,0.00000000,-0.36663024
Rpusd3,1.05750538,0.00000000,-0.36564311
Aars2,1.17507003,0.00000000,-0.36408811
Acads,2.08846853,0.00000000,-0.36292277
Mipep,0.65150159,0.00000000,-0.36167221
Iars2,2.05192805,0.00000000,-0.36107748
mt-Co2;Mtco2,1.06542770,0.00000000,-0.35824199
Adck3,1.82155795,0.00000000,-0.35754791
Fam162a,1.30117746,0.00000000,-0.35744995
Acaa1a,1.27129030,0.00000000,-0.35636716
Mrpl16,1.00245387,0.00000000,-0.35214015
Mrpl12,1.60558996,0.00000000,-0.34757322
Adck1,0.65008119,0.00000000,-0.34669840
Ogdhl,0.63696153,0.00000000,-0.34236839
Gatm,1.24485226,0.00000000,-0.34231525
Mrpl30,0.77998300,0.00000000,-0.34221775
Aco2,1.05037055,0.00000000,-0.34133967
15-Sep,0.21691480,0.00000000,-0.34029408
Ywhaz,0.38170905,0.00000000,-0.33947907
Immt,1.63979512,0.00000000,-0.33880349
Rpl9,1.11602886,0.00000000,-0.33809785
mt-Co3,0.76482568,0.00000000,-0.33683756
Grpel2,1.58436705,0.00000000,-0.33624550
Cisd2,1.08405029,0.00000000,-0.33227173
Rpl6;Gm5428,0.46459558,0.00000000,-0.33114504
Slc30a9,1.68101325,0.00000000,-0.33082422
Ppic,0.99797246,0.00000000,-0.32862613
Pex11a,1.15003546,0.00000000,-0.32720976
Tha1,1.27459344,0.00000000,-0.32559629
Ndufs7,1.69131102,0.00000000,-0.32413151
Rhoa,0.93507120,0.00000000,-0.32311180
Cmpk1,1.26461156,0.00000000,-0.32186272
Tst,0.96164531,0.00000000,-0.31886489
Exog,0.77512829,0.00000000,-0.31854959
Sfxn1,2.87290767,0.00000000,-0.31782803
Suox,1.55795455,0.00000000,-0.31383423
Pcx;Pc,1.55182938,0.00000000,-0.31382018
Mtif3,0.67636927,0.00000000,-0.31212880
Amt,1.53127289,0.00000000,-0.30966319
Abhd16a,0.32040085,0.00000000,-0.30945425
2310061I04Rik,1.64780451,0.00000000,-0.30567140
Rab8a,1.85853164,0.00000000,-0.30470803
Slc25a11,0.88270078,0.00000000,-0.30446449
Erlin2;Erlin1,0.34716810,0.00000000,-0.30435298
Agk,1.03242839,0.00000000,-0.30405982
Tsfm,0.82024133,0.00000000,-0.29965757
Rab5a,0.46695897,0.00000000,-0.29942239
Itgb1,0.35339055,0.00000000,-0.29685766
Ado,0.45097071,0.00000000,-0.29607291
Coq4,0.59406493,0.00000000,-0.29208017
Ndufaf3,1.29637370,0.00000000,-0.29032045
Supv3l1,0.79114165,0.00000000,-0.29026561
Dnajc30,2.04471835,0.00000000,-0.28997818
Pet100,0.61832369,0.00000000,-0.28818271
Slc22a18,1.24056675,0.00000000,-0.28804666
Pgrmc2,0.25217181,0.00000000,-0.28786971
Bphl,0.83790867,0.00000000,-0.28698004
Fkbp8,0.27785358,0.00000000,-0.28275733
Rab17,1.18369797,0.00000000,-0.28252911
Pdha1,2.52847427,0.00000000,-0.28211754
Gnai1,0.28234200,0.00000000,-0.28180763
Ndufa5,2.89243448,0.00000000,-0.28172006
Mdh2,1.74947995,0.00000000,-0.27868539
Ipo5,0.15633446,0.00000000,-0.27722039
Atp11a,0.67079773,0.00000000,-0.27505830
Dlst,0.94663114,0.00000000,-0.27483173
Mocs1,1.90699578,0.00000000,-0.27430573
,0.26969142,0.00786890,-0.27168008
Acaa1b,1.03489277,0.00000000,-0.27083118
Tkt,0.42740874,0.00000000,-0.26927223
Mrpl1,0.80462512,0.00000000,-0.26856725
1700021F05Rik,0.71057531,0.00000000,-0.26854047
Mrpl19,0.61655308,0.00000000,-0.26728917
Mtx1,1.64724780,0.00000000,-0.26495708
Pdia6,0.51686025,0.00000000,-0.26416020
Abcb10,0.45458684,0.00000000,-0.26413699
Grpel1,2.34962063,0.00000000,-0.26233971
Mrps26,0.77251369,0.00000000,-0.25960981
Hacl1,0.53386453,0.00000000,-0.25934028
Anpep,0.57010947,0.00000000,-0.25824028
Ndufb6,1.06252471,0.00000000,-0.25799763
Rab6a,0.48031890,0.00000000,-0.25446832
Gapdh;Gm3839;Gm7293;Gm5069,0.31968059,0.00000000,-0.25330161
Npepps,0.88005715,0.00000000,-0.25292170
Bcl2l1,0.60237073,0.00000000,-0.25221853
Coq9,1.26315208,0.00000000,-0.25195441
Qdpr,0.61589199,0.00000000,-0.25036445
Ap1b1,0.31694662,0.00000000,-0.25031333
Timm8b,0.29988638,0.00000000,-0.24834448
Tmem135,1.35122376,0.00000000,-0.24811398
Actn4,0.39351851,0.00000000,-0.24785650
Letm1,0.76428778,0.00000000,-0.24749258
Yars2,1.02002741,0.00000000,-0.24515869
Tpt1,0.19617103,0.00000000,-0.24507868
Dcakd,0.97268397,0.00000000,-0.24235414
Calm1,0.47775485,0.00000000,-0.24231840
Aadat,0.90485480,0.00000000,-0.24124523
Rab11b;Rab11a,0.76437845,0.00000000,-0.24120617
Hk1,1.19487116,0.00000000,-0.24111602
Hccs,0.83041462,0.00000000,-0.24068213
Gfm2,0.73524262,0.00000000,-0.24005169
Txnrd1,0.18692270,0.00000000,-0.23959684
Echs1,1.33637936,0.00000000,-0.23894406
Gstt2,0.29960566,0.00000000,-0.23750838
Adck5,0.19997449,0.00000000,-0.23546268
Prdx2,0.75522658,0.00000000,-0.23392233
Smim20,0.38628244,0.00000000,-0.23334393
1110008L16Rik;Kiaa0391,0.34779418,0.00000000,-0.23252720
Serpinh1,0.27261064,0.00000000,-0.23252021
Fech,1.13202021,0.00000000,-0.23128412
Cstb,0.25801918,0.00974030,-0.23105608
Bckdk,0.92223797,0.00000000,-0.23025951
Slc25a16,0.86754183,0.00000000,-0.22993771
Mfn2,0.47809568,0.00000000,-0.22945094
Slc25a23,0.74328957,0.00000000,-0.22813585
Isoc2b,0.72082452,0.00000000,-0.22729381
Sirt3,0.54976633,0.00000000,-0.22649516
Cox7a2l,1.10071648,0.00000000,-0.22641438
Fbp1,0.40242675,0.00000000,-0.22570807
Lipt2,1.11768408,0.00000000,-0.22556128
Oxa1l,0.77171946,0.00000000,-0.22428894
Ptrh1,0.46438314,0.00000000,-0.22366272
Higd1a,0.78476225,0.00000000,-0.22206092
Slc25a19,0.52027109,0.00000000,-0.22124564
Hadhb,0.79999369,0.00000000,-0.22047405
Ndufs1,0.56395610,0.00000000,-0.22045415
Hbbt1;Hbb-b1;Hbb-bs,0.25757528,0.00000000,-0.21971373
Myo19,0.72339547,0.00000000,-0.21931226
Mrpl38,1.07032904,0.00000000,-0.21871976
Plgrkt,0.48684234,0.00000000,-0.21770211
Atp5sl,0.95368107,0.00000000,-0.21694766
Mep1a,0.30208316,0.00000000,-0.21489789
Acad10,2.24707065,0.00000000,-0.21433951
Lonp1,1.09772702,0.00000000,-0.21283919
Pcmt1,0.69163162,0.00000000,-0.21283603
Dnlz,1.70919936,0.00000000,-0.21270579
Shmt2,1.67766879,0.00000000,-0.21110326
Nipsnap1,0.56797440,0.00000000,-0.21088094
Slc25a4,0.70396678,0.00000000,-0.20885730
Slc25a3,1.34321116,0.00000000,-0.20866888
Vcl,0.25255101,0.00000000,-0.20679850
,0.32778114,0.00000000,-0.20670389
Mpv17l2,0.57095512,0.00000000,-0.20501121
Tmem11,0.85767891,0.00000000,-0.20279008
Suclg1,1.28336326,0.00000000,-0.20178366
mt-Cytb;Mt-Cyb,0.38414016,0.00000000,-0.20141751
Apoa1bp,1.51252928,0.00000000,-0.20074997
Rpl18,0.29212408,0.00000000,-0.20020548
Mtx2,0.63632572,0.00000000,-0.19995583
Pet112,0.34331516,0.00000000,-0.19949672
Xrcc6bp1,0.27559271,0.00000000,-0.19564029
Coq10b,0.55038588,0.00000000,-0.19448148
Rplp0;Gm8730,0.23185590,0.00000000,-0.19381919
Slc25a5,1.35397652,0.00000000,-0.19263476
Ndufa1,0.29425246,0.00000000,-0.19212195
Ogdh,1.12291326,0.00000000,-0.19206273
Glud1,0.84003020,0.00000000,-0.19061888
Mcu,0.70725686,0.00000000,-0.18892153
Kifc3,0.68399202,0.00975930,-0.18831135
Bdh1,0.47726865,0.00000000,-0.18762209
Aldh6a1,0.72649961,0.00000000,-0.18427243
Cpt1a,0.77176486,0.00000000,-0.18320953
Ndufa13,0.73358466,0.00000000,-0.18170315
Afg3l2,0.40805651,0.00000000,-0.17929076
Timm9,0.83443715,0.00000000,-0.17803553
Acad11,0.36341284,0.00000000,-0.17753688
Pyroxd2,0.40998793,0.00000000,-0.17738120
Mrps21,0.71432027,0.00000000,-0.17721864
,0.81256809,0.00000000,-0.17604994
Txn2,0.86397136,0.00000000,-0.17449905
Mpc2,0.32804621,0.00000000,-0.16775590
Ddost,0.40406902,0.00000000,-0.16693318
Comt,0.33642327,0.00000000,-0.16502234
Mrpl28,0.44630023,0.00000000,-0.16284162
Ephx2,0.44369170,0.00000000,-0.15997512
Park7,0.60952874,0.00000000,-0.15764058
Lap3,1.02618344,0.00000000,-0.15727279
Mgst1,0.42154662,0.00000000,-0.15622594
Mthfd1l,0.49223759,0.00000000,-0.15377624
Lactb2,0.55802616,0.00000000,-0.15330323
Hadha,0.60532599,0.00000000,-0.15317088
Ndufv1,0.50875310,0.00000000,-0.15182524
Gcdh,0.45313989,0.00000000,-0.15073096
Rab6a,0.24882996,0.00000000,-0.14944620
Hint2,0.94841085,0.00000000,-0.14902025
Nipsnap3b,0.32990436,0.00000000,-0.14858660
Prdx5,1.59231400,0.00000000,-0.14822843
Ace2,0.23354589,0.00000000,-0.14818488
Ano6,0.35387709,0.00000000,-0.14669189
Aass,0.59983266,0.00000000,-0.14316519
Atp5a1,0.79291914,0.00000000,-0.14306322
Pdk3,0.44360221,0.00000000,-0.14233778
Trabd,0.23157722,0.00000000,-0.14045901
Pex11g,0.19886290,0.00000000,-0.13839523
Mettl7a2;Mettl7a3,0.35564510,0.00596820,-0.13798086
Hsdl2,0.24166714,0.00000000,-0.13791934
Ran;1700009N14Rik,0.17417291,0.00000000,-0.13764378
Mtch1,0.52171182,0.00000000,-0.13489677
Aldoa;Aldoart2;Aldoart1,0.12283354,0.00000000,-0.13208111
Nit1,0.36047544,0.00000000,-0.13166318
Pitrm1,0.67352686,0.00000000,-0.13129649
Tstd1,0.15352004,0.00000000,-0.12998693
Armc10,0.34796853,0.00000000,-0.12899876
Gpx1,0.64442274,0.00000000,-0.12630433
Fkbp2,0.16166543,0.00136330,-0.12614758
Pdk2,0.37065908,0.00000000,-0.12596289
Ganab,0.35133581,0.00000000,-0.12588189
Ldhd,0.40470998,0.00000000,-0.12408021
Scp2,0.38564246,0.00000000,-0.12325530
Phyh,0.24689508,0.00000000,-0.11824959
Ppa2,0.40847962,0.00000000,-0.11660718
Sqrdl,0.48983827,0.00000000,-0.11582204
Nceh1,0.22045820,0.00000000,-0.11495686
Gpx3,0.16928204,0.00000000,-0.11450105
Adck4,0.24574739,0.00000000,-0.11412812
Slc2a2,0.11376998,0.00000000,-0.11409495
Serhl,0.33634420,0.00000000,-0.11330448
Acadsb,0.50109541,0.00000000,-0.11305586
Grsf1,0.29603704,0.00000000,-0.11244141
Eno1,0.26210860,0.00000000,-0.11224386
Tuba1c;Tuba1b;Tuba1a,0.25356495,0.00000000,-0.11161986
Yme1l1,0.47766966,0.00000000,-0.10943099
Cox17,0.16173357,0.00000000,-0.10745509
Mrpl54,0.35349003,0.00000000,-0.10740828
Isoc2a,0.60942918,0.00000000,-0.10647414
Dao,0.18878345,0.00000000,-0.10502739
Acot13,0.31249249,0.00000000,-0.10458776
Dguok,0.36066578,0.00000000,-0.10393623
Myo6,0.20663839,0.00000000,-0.10385225
Tmem261,0.21185389,0.00000000,-0.59757193
Gsta2;Gm10639;Gsta1,0.09746281,0.00000000,-0.09906198
Gcat,0.54831521,0.00000000,-0.09741827
Tomm40l,0.16384952,0.00000000,-0.09647003
Mettl7a1;Mettl7a2Higd1c;UbiE2;UbiE-YGHL1(HIG1-4),0.19531851,0.00000000,-0.09602875
Tmem186,0.23940006,0.00000000,-0.09588766
Acot2,0.84891608,0.00000000,-0.09534798
Glyctk,0.48423041,0.00000000,-0.09509219
Rars2,0.31309060,0.00000000,-0.09118158
Kdelr2,0.04989863,0.00468540,-0.09073691
Pnpla8,0.29886472,0.00000000,-0.09034037
Hibadh,0.34330769,0.00000000,-0.08968653
Slc22a1,0.23175377,0.00000000,-0.08826876
Cox15,0.18990601,0.00000000,-0.08599702
Minos1,0.11668607,0.00000000,-0.08494204
Idh2,0.48070140,0.00000000,-0.08462316
Ppia,0.80784576,0.00000000,-0.08386321
Abhd10,0.28787967,0.00000000,-0.08235470
Mrps15,0.25421750,0.00000000,-0.08210254
,0.24069883,0.00000000,-0.08209173
Nudt2,0.31651045,0.00000000,-0.08140329
Mrpl10,0.25668114,0.00000000,-0.07964276
Akr7a2,0.24188899,0.00000000,-0.07878309
Ube2l3,0.15349772,0.00000000,-0.07783736
Glod4,0.22364919,0.00000000,-0.07683724
Tbrg4,0.10883006,0.00000000,-0.07579970
Slc25a15,0.27950952,0.00000000,-0.07539093
Ndufa11,0.23118528,0.00000000,-0.07378659
Prosc,0.28220717,0.00000000,-0.07325103
Angel2,0.21616736,0.00000000,-0.07020711
Ap2a2,0.06368409,0.00000000,-0.07014710
Fastkd5;Ubox5,0.09959253,0.00000000,-0.06815398
Mmab,0.23173054,0.00000000,-0.06746781
AK157302;Isca1,0.17437769,0.00000000,-0.06732657
Mrps22,0.20208532,0.00000000,-0.06668227
Coasy,0.43956007,0.00000000,-0.06626819
Ethe1,0.39054423,0.00000000,-0.06597362
Lace1,0.18379083,0.00000000,-0.06298131
Eci1,0.23175571,0.00000000,-0.06171548
Nt5c3a,0.14192248,0.00000000,-0.06044171
Bcat2,0.14746264,0.00000000,-0.05205884
Htatip2,0.14243913,0.00000000,-0.04924651
Mrpl21,0.16717075,0.00000000,-0.04915886
Mrps33,0.07697484,0.00000000,-0.04812364
Ptrh2,0.16726148,0.00000000,-0.04791372
Gsr,0.21035954,0.00000000,-0.04735305
Acox2,0.09184826,0.00000000,-0.04658656
Mrpl40,0.12485102,0.00000000,-0.04576488
Cth,0.02492215,0.00000000,-0.04566462
Gm20498,0.16635974,0.00000000,-0.04416687
Ndufaf4,0.10243647,0.00000000,-0.04388544
Ndufs3,0.25452751,0.00000000,-0.04299372
Mccc1,0.09988490,0.00000000,-0.04279333
Ak3,0.17270919,0.00000000,-0.04071047
Myo1c,0.05125789,0.00000000,-0.03988199
Ebp,0.29030644,0.00531210,-0.03849106
Rdh13,0.09560879,0.00000000,-0.03585740
P4hb,0.04576946,0.00000000,-0.03413816
Mtx3,0.07085193,0.00000000,-0.03394969
Iba57,0.10728371,0.00000000,-0.03382446
Bckdhb,0.09589448,0.00000000,-0.03327057
Tk2,0.06785622,0.00000000,-0.03300620
Cyb5b,0.15457132,0.00000000,-0.03159197
Rhot1,0.06417864,0.00000000,-0.03102096
Cox5b,0.18166910,0.00000000,-0.03016519
Mrpl39,0.08274949,0.00000000,-0.02964097
Mrps14,0.07352041,0.00000000,-0.02820046
Slc25a42,0.07121801,0.00000000,-0.02736510
Dtymk,0.05884107,0.00000000,-0.02530918
Glrx2,0.05330078,0.00000000,-0.02448724
Rtn4ip1,0.03901028,0.00000000,-0.02124125
Gatc,0.04262663,0.00000000,-0.01985554
Txn,0.08669827,0.00000000,-0.01976111
Atp2a2,0.03941414,0.00000000,-0.01938873
Slc25a10,0.06365464,0.00000000,-0.01934505
Acss1,0.04811115,0.00000000,-0.01816411
Ecsit,0.05099318,0.00000000,-0.01812350
Tars2,0.02864359,0.00000000,-0.01801405
Srxn1,0.01472883,0.00532980,-0.01792020
Ivd,0.06363915,0.00000000,-0.01762013
Tefm,0.03504944,0.00000000,-0.01714467
Rab1b,0.06971326,0.00000000,-0.01684762
Coq7,0.06035537,0.00000000,-0.01641324
Immt,0.05473375,0.00000000,-0.01572314
Gldc,0.04722316,0.00000000,-0.01512357
Cct2,0.00755304,0.00000000,-0.01145562
Vapb,0.02055014,0.00000000,-0.01136216
Hsp90ab1;Hsp90aa1,0.03501982,0.00000000,-0.01029986
Sars2,0.01640294,0.00000000,-0.00861048
Ptpmt1,0.01750300,0.00000000,-0.00726250
Dnaja3,0.01806997,0.00000000,-0.00699003
Mars2,0.01019435,0.00000000,-0.00580746
Chchd6,0.01612603,0.00000000,-0.00490427
Mrps6,0.00969653,0.00000000,-0.00436761
Arl10,0.00273871,0.00000000,-0.00389313
Pex16,0.00546907,0.00000000,-0.00233462
Kmo,0.00488571,0.00000000,-0.00109797
Uqcrfs1,0.00277992,0.00000000,-0.00092696
Hmgcl,0.00145056,0.00000000,-0.00041778
Mpst,0.00076797,0.00000000,-0.00020089
Mpv17l,0.00205698,0.00000000,0.00073522
Hao2,0.00393707,0.00000000,0.00219465
Trmu,0.00463820,0.00000000,0.00239431
Cryz,0.00600832,0.00000000,0.00312823
Polrmt,0.00574684,0.00000000,0.00319546
Thnsl1,0.00435648,0.00000000,0.00326245
Bak1,0.00526713,0.00000000,0.00334587
Aldh2,0.01458852,0.00000000,0.00424958
Vwa8,0.01228404,0.00000000,0.00437541
Faah,0.00538762,0.00000000,0.00472093
Amacr,0.01451731,0.00000000,0.00504847
Ndufb4,0.01800441,0.00000000,0.00610870
Tomm40,0.01086645,0.00000000,0.00660366
Acadl,0.02096928,0.00000000,0.00706677
Bcs1l,0.02607268,0.00000000,0.00709008
Dhfr,0.01550667,0.00000000,0.00720237
Mrpl9,0.03214261,0.00000000,0.00808069
Mccc2,0.02053799,0.00000000,0.00832498
Pex1,0.02404976,0.00000000,0.00868392
5-Mar,0.03328370,0.00000000,0.00902658
Trnt1,0.03254557,0.00000000,0.01744374
Ppib,0.05563906,0.00000000,0.01766098
Reep5,0.03416501,0.00000000,0.01770190
Arl6ip1,0.07991166,0.00000000,0.01839356
Idh3a,0.05107791,0.00000000,0.02232060
Uqcrb,0.08734661,0.00000000,0.02656601
,0.18055598,0.00000000,0.02952021
Cox7a2,0.07297955,0.00000000,0.03113797
Pex14,0.06036279,0.00000000,0.03122461
Timm17b,0.08026889,0.00000000,0.03314501
Schip1,0.03072515,1.00000000,0.03381136
Prdx3,0.14405848,0.00000000,0.03394141
Tstd3,0.05860961,0.00000000,0.03438106
Pptc7,0.21154135,0.00000000,0.03449011
Pccb,0.14757609,0.00000000,0.03490014
Echdc1,0.13290392,0.00000000,0.03583207
Ndufb10,0.22203090,0.00000000,0.03869139
Pmpca,0.14804187,0.00000000,0.03968874
Grhpr,0.10498697,0.00000000,0.04068233
Gm10108;Cycs,0.20245134,0.00000000,0.04075048
Agxt2,0.20311787,0.00000000,0.04077295
Mrps34,0.11239005,0.00000000,0.04096147
Faf2,0.07029409,0.00000000,0.04167492
Dld,0.29359524,0.00000000,0.04436545
Aldh3a2,0.26781533,0.00000000,0.04733618
Acot3;Acot5,0.03238544,0.00000000,0.04855079
Timm50,0.10562543,0.00000000,0.04901756
Fmo4,0.15505968,0.00000000,0.05067755
Samm50,0.69347742,0.00000000,0.05509414
Rab5b,0.15108450,0.00000000,0.05535105
Rab21,0.14568076,0.00000000,0.05536587
Acot4,0.14540685,0.00000000,0.05553929
Hsd17b4,0.19768475,0.00000000,0.05683711
Ugt1a7c,0.24239426,0.00000000,0.05728300
Agpat5,0.08627617,0.00000000,0.05839549
Ndufa10,0.16167200,0.00000000,0.06173766
Bdh2,0.15816975,0.00000000,0.06195591
Kars,0.11940876,0.00000000,0.06206681
Mrps9,0.13804446,0.00000000,0.06324248
Ndufb7,0.22462598,0.00000000,0.06369107
Gm20390,0.26980990,0.00000000,0.06500836
Auh,0.29434996,0.00000000,0.06622091
Ehhadh,0.14269712,0.00000000,0.06684952
Hsd17b10,0.47016379,0.00000000,0.06702833
Mlycd,0.32778010,0.00000000,0.06752410
Sdhc,0.14120131,0.00000000,0.06849562
Crot,0.26052901,0.00000000,0.06906936
Uqcrc2,0.36655267,0.00000000,0.07041947
Apoo,0.26265901,0.00000000,0.07208465
Clpx,0.30105046,0.00000000,0.07245312
Hibch,0.20039232,0.00000000,0.07308649
Cml3;Gm4477,0.19989990,0.00000000,0.07323860
Echdc2,0.29325476,0.00000000,0.07488793
Fam210a,0.16025306,0.00000000,0.07492116
Xpnpep3,0.24693535,0.00000000,0.07641633
Arg2,0.15746477,0.00000000,0.07685350
Acaa2,0.50769808,0.00000000,0.07871281
Etfb,0.30663523,0.00000000,0.08047475
Cs,0.29600971,0.00000000,0.08310908
Ssr3,0.08017525,0.00000000,0.08320772
Mrpl50,0.16490215,0.00000000,0.08485946
Spr,0.39970532,0.00000000,0.08490968
Nars2,0.15758380,0.00000000,0.08843911
Pex10,0.13661796,0.00000000,0.09060395
Mrps10,0.25625732,0.00000000,0.09164208
Mrpl20,0.21623497,0.00000000,0.09179742
,0.34175662,0.00000000,0.09229815
Timm44,0.29493346,0.00000000,0.09487594
Acy3,0.34257676,0.00000000,0.09577476
Gm20671;Pisd,0.27415951,0.00000000,0.09597269
Chchd3,0.27547272,0.00000000,0.09748624
Etfa,0.34681461,0.00000000,0.09869825
Dnpep,0.14505021,0.00000000,0.53474952
Gtpbp8,0.37716870,0.00000000,0.59140819
Alkbh7,0.41639888,0.00000000,0.10322729
Gpd1l,0.15910652,0.00000000,0.10391079
Idi1,0.90312302,0.00000000,0.10503419
Cyp2j5,0.08299337,0.00000000,0.10508547
Atp5c1,0.37850350,0.00000000,0.10618702
Cuta,0.24190836,0.00000000,0.10631201
Dhrs4,0.38661645,0.00000000,0.10878954
Adprhl2,0.17235404,0.00000000,0.11012468
Mthfsl,0.16541921,0.00000000,0.11052073
Ide,0.32344347,0.00000000,0.11059452
Gfm1,0.27695023,0.00000000,0.11208276
Tango2,0.46981522,0.00000000,0.11237183
Bcl2l13,0.24914904,0.00000000,0.11335708
Slc25a40,0.21418534,0.00000000,0.11460709
Mthfd1,0.30642705,0.00000000,0.11511933
Lypla1,0.40909741,0.00000000,0.11630782
Timm10b,0.88619456,0.00000000,0.11703503
Diablo,0.16327857,0.00000000,0.11769897
Ndufb5,0.42663259,0.00000000,0.11809218
Pfn1,0.09181874,0.00000000,0.11852961
Adhfe1,0.56155430,0.00000000,0.11918891
Spryd4,0.53577262,0.00000000,0.11989801
Lrrc59,0.12343291,0.00000000,0.12080580
Chdh,0.62207341,0.00000000,0.12146381
Atpaf1,0.46722616,0.00000000,0.12192195
Mrps27,0.46939829,0.00000000,0.12298361
Bpnt1,0.34201685,0.00000000,0.12660018
Timmdc1,0.74378085,0.00000000,0.12662688
Hmgcs2,0.12357634,0.00000000,0.12683004
Gbas,0.43687220,0.00000000,0.12753374
Slc3a1,0.21326160,0.00000000,0.12804798
Suclg2,0.51706807,0.00000000,0.12813439
Tamm41,0.33753083,0.00000000,0.12954798
Actg1;Actb;Acta1;Actc1;Actg2;Acta2,0.43253204,0.00000000,0.13020784
Cox18,0.15238752,0.00270820,0.13112816
Coa3,0.31722222,0.00000000,0.13174261
Esyt1,0.22971803,0.00000000,0.13516531
Letmd1,0.29118389,0.00000000,0.13764168
Dhrs1,0.67226551,0.00000000,0.13901765
Pcyox1l,0.16426462,1.00000000,0.13925850
Ndufa2,0.36924862,0.00000000,0.14156025
Nqo1,0.57032742,0.00000000,0.14263963
Mtch2,0.49664413,0.00000000,0.14273231
Oxnad1,0.54895361,0.00000000,0.14314797
Noa1,0.14570104,0.00000000,0.14450418
Immp2l,0.32749435,0.00000000,0.14622756
Mecr,0.57234639,0.00000000,0.15212113
Nlrx1,0.65711783,0.00000000,0.15217942
Slc30a1,0.26295433,0.00850790,0.15327716
Fam136a,0.23572817,0.00000000,0.15350555
Acsl1,0.42433148,0.00000000,0.15405512
Xpnpep1,0.69944295,0.00000000,0.15418675
Ndufb8,0.44127952,0.00000000,0.15446664
Cox6b1,0.63885700,0.00000000,0.15456728
Slc25a35,1.14838964,0.00000000,0.15512395
Rac1;Rac3;Rac2,0.34559121,0.00000000,0.15572383
Rab2a,0.33703097,0.00000000,0.15897981
Asph,0.11079688,0.00000000,0.16107484
Cryab,0.43034798,0.00000000,0.16552274
Cox5a,1.22789287,0.00000000,0.16683030
Mrps35,0.44412887,0.00000000,0.16774351
Wars2,0.57378883,0.00000000,0.16898087
Akr1b10,0.44187768,0.00000000,0.16949833
Ndufb3,0.35580093,0.00000000,0.16962955
Aldob,0.36769887,0.00000000,0.17097225
Cox11,0.46505164,0.00000000,0.17185057
Nsdhl,0.40406251,0.00971500,0.17189489
Dbi,0.24235537,0.00000000,0.17224731
Mavs,0.16319243,0.00596030,0.17260745
Gtpbp3,0.38556894,0.00000000,0.17281803
Sucla2,0.82988809,0.00000000,0.17302386
Decr1,0.75898343,0.00000000,0.17302597
Abcg2,0.26834341,0.00000000,0.17406311
Tmem223,0.54142568,0.00000000,0.17625051
Clpb,0.17329796,0.00000000,0.17952383
Irgm1,0.77026651,0.00000000,0.18244464
Crat,0.78814307,0.00000000,0.18371663
Ap2b1,0.28800612,0.00000000,0.18683630
Taco1,0.60086921,0.00000000,0.18687897
Mrps28,0.48847832,0.00000000,0.18781720
Pyurf,1.06228869,0.00000000,0.18869564
Gk;Gyk,0.91335365,0.00000000,0.18951496
Slc25a45,0.91337103,0.00000000,0.19108487
Acox3,0.47498087,0.00000000,0.19355886
Pnpt1,0.49939684,0.00000000,0.19477248
Sfxn5,0.56270215,0.00000000,0.19530552
Ggt1,0.40390844,0.00000000,0.19536767
Acad9,1.18064598,0.00000000,0.19551811
Sccpdh,0.65130402,0.00000000,0.19552872
Hagh,0.73237313,0.00000000,0.19791262
Gstp2;Gstp1,0.41647939,0.00000000,0.19825704
Rmnd1,0.44061430,0.00000000,0.19829255
Mrps25,0.56672410,0.00000000,0.19996157
Mrpl23,0.83258386,0.00000000,0.20296230
Lin7c,0.27780414,0.00000000,0.20349579
Macrod1,0.71088427,0.00000000,0.20450654
Ndufaf5,0.42117490,0.00000000,0.20583467
Ndufb2,0.54815191,0.00000000,0.20633415
Nit2,1.19561087,0.00000000,0.20811821
Pex6,0.61241122,0.00000000,0.21032178
Gpd2,0.58922204,0.00000000,0.21157863
Ak4,0.80155438,0.00000000,0.21250291
Idh3g,0.40031853,0.00000000,0.21654318
Rab5c,0.53704404,0.00000000,0.22245905
Ntpcr,0.63705642,0.00000000,0.22374824
Enpp3,0.37464195,0.00000000,0.22407964
Mtg1,0.55315877,0.00000000,0.22563603
Armc1,0.78514934,0.00000000,0.22593374
Rpl14,0.58391997,0.00000000,0.22918852
Acsm2,2.56482653,0.00000000,0.22957274
Rab31,1.57233287,0.00000000,0.22995759
Atp5d,1.58865369,0.00000000,0.23101479
Pnpo,0.72419851,0.00000000,0.23144208
Ddo,0.57070176,0.00000000,0.23320975
Hba-a2;Hba,0.34444533,0.00000000,0.23339449
Slc25a36,0.85996150,0.00000000,0.23352845
Bola1,0.59657954,0.00000000,0.23463522
Cyp4b1,1.60585170,0.00000000,0.23691312
Nif3l1,0.45691167,0.00000000,0.23770645
Atp5h;Gm10250,1.07735225,0.00000000,0.23976156
,0.62165129,0.00000000,0.24155233
Ndufaf7,0.62756604,0.00000000,0.24257598
Ndufaf6,0.75115287,0.00000000,0.24272912
Timm13,0.47745598,0.00000000,0.24292768
Them7,0.71522714,0.00000000,0.24425600
Tomm70a,0.75827676,0.00000000,0.24569097
Txnrd2,1.00008665,0.00000000,0.24627332
Mrpl24,0.53601908,0.00000000,0.24679050
Nfs1,1.36196371,0.00000000,0.24688884
Slc17a3,0.21146041,0.00000000,0.24781367
Apool,1.10235534,0.00000000,0.24791423
Rab22a,1.09947087,0.00000000,0.25128745
Timm21,0.80999480,0.00000000,0.25131021
Mrpl22,0.41427456,0.00000000,0.25239351
Mrpl17,0.75756891,0.00000000,0.25316316
Fam173a,0.62669700,0.00000000,0.25469953
Rab3d;Rab3a,0.20806481,0.00000000,0.25616293
Mep1b,0.48644611,0.00000000,0.25814348
Nubpl,0.98508895,0.00000000,0.26286393
Pbld1,0.61197012,0.00000000,0.26303743
Ndufaf2,1.41691815,0.00000000,0.26387405
Aldh4a1,1.78312666,0.00000000,0.26389246
Pecr,0.96524431,0.00000000,0.26548447
Hras;Nras;Kras,0.50150361,0.00000000,0.26630670
Tufm;Gm9755,1.14196830,0.00000000,0.26662285
Tomm6,0.49568079,0.00000000,0.26719336
Ndufa6,0.97179916,0.00000000,0.26792288
Etfdh,1.34954648,0.00000000,0.26813115
Gpm6a,0.33637809,0.00000000,0.26839085
Atp5s,1.14682404,0.00000000,0.26865522
Cox16,0.26483281,0.00270450,0.26983262
Pam16,1.48674639,0.00000000,0.27009618
Sdhb,1.45426748,0.00000000,0.27283602
Timm10,0.76395451,0.00000000,0.27590941
Spg7,0.68280396,0.00000000,0.27671661
Acsf3,0.72751007,0.00000000,0.27675366
Tmco1,0.73032961,0.00404040,0.27933120
Acsm1,1.19536295,0.00000000,0.27961974
Uqcrq,1.17376161,0.00000000,0.28000351
Fam173b,1.06204772,0.00000000,0.28408987
Sco2,0.71972790,0.00000000,0.28503632
Nmnat3,2.58717079,0.00000000,0.28526111
Mme,0.36635155,0.00000000,0.28544520
Abhd14b,0.66842306,0.00000000,0.28709480
Mrpl18,1.11717206,0.00000000,0.28961339
Fam213b,0.56270895,0.00000000,0.29008705
Ndufa8,1.02967433,0.00000000,0.29069775
Hsd11b1,0.49815954,0.00000000,0.29311061
Acadm,2.13630830,0.00000000,0.29380402
Ssbp1,0.62393014,0.00000000,0.29434326
Pex3,0.52023031,0.00000000,0.29443300
Mrps11,0.96528452,0.00000000,0.29608666
Echdc3,0.67107216,0.00000000,0.29889236
Eci3,0.72606568,0.00000000,0.29986140
Atp1b1,0.83609376,0.00000000,0.30059071
2-Mar,1.37363084,0.00000000,0.30178691
Calr,0.20237989,0.00000000,0.30202541
Hspd1,3.03472175,0.00000000,0.30203150
Clic5,0.17089745,0.00000000,0.30225994
Stoml2,0.66622160,0.00000000,0.30436309
Fmo1,1.01726638,0.00000000,0.30445121
Acsm5,1.01184062,0.00000000,0.30997652
Sirt4,0.64643139,0.00000000,0.31190082
Mrpl14,1.73566552,0.00000000,0.31623948
Fdx1,3.22308061,0.00000000,0.31701113
Slc22a12,0.70397337,0.00000000,0.31923119
Cyb5r3,1.06670098,0.00000000,0.32153832
Mrps23,1.13770441,0.00000000,0.32254999
Atp6v0d1,0.49158951,0.00000000,0.32283759
Tmed7,0.67465862,0.00000000,0.32774203
Ndufb11,0.89887712,0.00000000,0.32833712
Tmem70,0.77134718,0.00000000,0.32867712
Nln,0.68798332,0.00000000,0.33052907
Slc25a21,1.30327595,0.00000000,0.33106959
Atp5i,1.30211764,0.00000000,0.33156742
Aldh9a1,1.70467891,0.00000000,0.33159889
Prodh,1.00061670,0.00000000,0.33176755
Aldh7a1,2.46959865,0.00000000,0.33347620
Rpp14,0.95056441,0.00000000,0.33445881
Atad1,1.59131647,0.00000000,0.33493529
Mmaa,0.98018381,0.00000000,0.33559037
Mrpl13,1.54566659,0.00000000,0.33571041
Tpi1,2.36649431,0.00000000,0.33578069
Oat,1.89918497,0.00000000,0.33690951
Oma1,0.64614537,0.00000000,0.33795597
Aldh5a1,1.28427851,0.00000000,0.33947080
Hsp90b1,0.78396008,0.00000000,0.34055980
Atp6v0a4,0.55104896,0.00000000,0.34058807
Abat,1.42053362,0.00000000,0.34188809
Dnajc15,1.17599480,0.00000000,0.34198549
Tmem109,0.23258959,0.00000000,0.34418514
Slc25a46,1.08666536,0.00000000,0.34462706
Cdc42,2.11022198,0.00000000,0.34486877
Ndufc2,1.14746344,0.00000000,0.34768881
Fdx1l,2.17779363,0.00000000,0.34778357
Pck1,0.30513857,0.00000000,0.34785983
,0.67062931,0.00000000,0.34795644
Cyc1,3.69752038,0.00000000,0.34921954
Isoc1,0.35453720,0.00000000,0.34967032
Trap1,0.95313699,0.00000000,0.35039654
Por,0.60424429,0.00000000,0.35087163
Mrps30,0.95099470,0.00000000,0.35098918
Fdxr,0.96934953,0.00000000,0.35223906
Lyplal1,3.99325834,0.00000000,0.35428866
Hscb,1.06884006,0.00000000,0.35539426
Tmem126a,0.86258287,0.00000000,0.36117967
Actr3b;Actr3,0.26592456,0.00000000,0.36190637
Ndufs6,2.66814076,0.00000000,0.36260893
Pxmp2,0.32108850,1.00000000,0.36650448
Mrps18a,0.96674448,0.00000000,0.37087919
Slc25a1,1.08575135,0.00000000,0.37117204
Fam213a,1.45957602,0.00000000,0.37306597
Slc6a18,0.52597178,0.00000000,0.37501429
Acsm3,1.55137349,0.00000000,0.37531608
Mif,1.43934163,0.00000000,0.37533744
Gpx4,1.44929341,0.00000000,0.37645688
Mrpl27,3.32372985,0.00000000,0.37820457
Mcur1,1.42229304,0.00000000,0.37933927
Mrps7,1.20398833,0.00000000,0.38026269
Eif5a;Eif5a2,2.46628087,0.00000000,0.38104768
Msrb2,2.58136901,0.00000000,0.38170800
Ociad2,1.44661051,0.00000000,0.38449278
Pmpcb,0.83683668,0.00000000,0.38497721
Slc25a26,1.43173332,0.00000000,0.38562264
Mrpl37,1.47039687,0.00000000,0.38695383
Acot12,1.30567742,0.00000000,0.38852503
Coq6,1.38564894,0.00000000,0.38983581
Mrpl46,2.43879410,0.00000000,0.39053376
Coq10a,0.97001440,0.00000000,0.39105200
Ezr,0.57598173,0.00000000,0.39177992
Ict1,2.04810434,0.00000000,0.39179284
Vapa,0.70380300,0.00000000,0.39217431
Chchd4,1.06224548,0.00000000,0.39271834
Acnat1,2.20985634,0.00000000,0.39482422
Mrpl2,2.09928512,0.00000000,0.39703226
Poldip2,1.18720859,0.00000000,0.39853611
Vdac3,1.94976206,0.00000000,0.39860004
Nfu1,1.41743814,0.00000000,0.39904876
Rap1b,1.55723325,0.00000000,0.40150089
Mrpl48,0.83958444,0.00000000,0.40332311
Atad3,1.42245188,0.00000000,0.40454821
Mul1,0.70159260,0.00000000,0.40459925
Lyrm4,1.37212747,0.00000000,0.40510981
Vdac2,1.79412348,0.00000000,0.40891692
Slco4c1,0.59545652,0.00000000,0.41104629
Ociad1,1.88919122,0.00000000,0.41146822
Acad8,0.89058241,0.00000000,0.41221838
Slc27a2,1.83839970,0.00000000,0.41425243
Hspe1,1.22001937,0.00000000,0.41536848
Rpl27,0.84046284,0.00000000,0.41622725
Pex26,1.53501777,0.00000000,0.41924691
Ctnna2,0.48537144,0.00000000,0.42142984
Dlat,1.05354350,0.00000000,0.42196344
Hdhd2,1.49955958,0.00000000,0.42413010
Rab14,1.17039362,0.00000000,0.42485097
Mrps16,0.99798768,0.00000000,0.42561660
Trub2,1.51817418,0.00000000,0.42751821
Gnb2;Gnb4,1.00202648,0.00000000,0.42937857
Mrpl53,1.76118761,0.00000000,0.43048709
Ndrg1,1.33067272,0.00000000,0.44165260
Akr1a1,1.47246501,0.00000000,0.44231547
Mrpl55,1.11469221,0.00000000,0.44385418
Ndufs4,2.31627053,0.00000000,0.44419980
Slco1a1;Slco1a5;Slco1a6,0.43693909,0.00000000,0.44656034
Rab10,0.84732047,0.00000000,0.44938562
Vars2,1.33044669,0.00000000,0.44941088
Dpp4,0.82431379,0.00000000,0.45237278
9030617O03Rik,2.14769945,0.00000000,0.45480543
Abcd3,2.52994044,0.00000000,0.46118268
Uqcrc1,1.93890713,0.00000000,0.46365341
Hspa5,1.26495469,0.00000000,0.46392486
Sirt5,2.19807832,0.00000000,0.46583483
Ugt3a2,0.98909724,0.00000000,0.47666807
Guf1,2.88078217,0.00000000,0.47779986
Cisd1,2.27466718,0.00000000,0.47955635
Pdhx,1.76154158,0.00000000,0.48359869
Pde12,2.04242455,0.00000000,0.48534226
Psap,0.31683356,0.00000000,0.49131493
Agps,1.52817498,0.00000000,0.49342223
Mrps2,1.77161539,0.00000000,0.49537978
Mrpl41;Gm6434,2.83271801,0.00000000,0.49769262
Mrpl49,0.95833586,0.00000000,0.49789576
Mrpl3,1.54095732,0.00000000,0.50079432
Hars2,1.13632721,0.00000000,0.50973640
Mrpl11,1.17905703,0.00000000,0.51145628
D2hgdh,1.35454252,0.00000000,0.51247686
Arf1;Arf3;Arf2;Arf5,1.35594236,0.00000000,0.51305888
Pcca,1.62655084,0.00000000,0.51359332
Nfu1,2.49787473,0.00000000,0.51631549
Hint3,1.87333606,0.00000000,0.51771561
Oxsm,2.25075362,0.00000000,0.51869462
Rpl31,1.11883075,0.00000000,0.52075715
Eef1a1;Eef1a2,1.63409993,0.00000000,0.52239842
Eci2,1.60490239,0.00000000,0.52242378
Sec22b,1.49102725,0.00000000,0.52324519
Surf1,1.66378757,0.00000000,0.52411124
Dap3,0.83855980,0.00000000,0.52418738
Cmc1,2.01327700,0.00000000,0.52578324
Slc25a51,2.05148058,0.00000000,0.52653779
Cat,1.84170581,0.00000000,0.52715438
Mterf4,0.55360997,0.00532620,0.52852193
Pdp2,1.16944443,0.00000000,0.52972273
Nat8,1.31957275,0.00851340,0.53002038
Atp6v1e1,1.10213477,0.00000000,0.53025067
Tmed10,1.18511770,0.00000000,0.53047858
Mrpl32,1.22593982,0.00000000,0.53049118
Vdac1,2.02840406,0.00000000,0.53236367
Abcb7,1.42274930,0.00000000,0.53481826
Cisd3,1.10683468,0.00000000,0.53528367
Cox6c,1.44532449,0.00000000,0.53615453
Lamtor1,1.07195235,0.00000000,0.54015668
Aqp1,1.04381846,0.00000000,0.54047137
Slc23a1,1.31180804,0.00000000,0.54199752
Homer2,0.58595446,0.00969620,0.54201437
Rab9a;Rab9,2.40361953,0.00000000,0.54486447
Dut,1.48215951,0.00000000,0.54512673
Immt,0.59150481,0.00000000,0.54841295
Slirp,1.94683111,0.00000000,0.55036510
Rpl27a,0.66867672,0.00000000,0.55044775
Mrpl57,2.17191365,0.00000000,0.55407612
Hspa9,3.02732226,0.00000000,0.55989789
Hdhd3,3.06725929,0.00000000,0.56432205
P33monox;4833439L19Rik,1.05385462,0.00000000,0.56542878
Ssr4,2.42764318,0.00000000,0.56611011
Tmem126b,1.87927278,0.00000000,0.56620762
Mup10,0.81652661,0.00000000,0.56625185
Gnpat,2.02977595,0.00000000,0.56680085
Ptcd2,1.41538831,0.00000000,0.56694018
L2hgdh,4.29697752,0.00000000,0.56758233
Maob,0.79444008,0.00000000,0.56907567
Rps15a,0.58113553,1.00000000,0.57049705
Ybey,2.80399120,0.00403230,0.57443260
Smim4,1.77126326,0.00000000,0.57558632
Slc25a20,2.36857485,0.00000000,0.57722536
Dnajc19,2.34832137,0.00000000,0.57870860
Atp5f1,2.62328779,0.00000000,0.58327952
Nudt12,0.87393075,0.00000000,0.58487846
Tomm22,2.12168534,0.00000000,0.58511307
Nadk2,2.56876539,0.00000000,0.58842452
Fundc1,1.31579861,0.00000000,0.59056750
Gm561,1.11900555,0.00000000,0.59078993
Kif15,0.82591026,0.00469170,0.59112019
Pdcd6,1.06888610,0.00000000,0.59158032
Rps9,0.34027369,0.00000000,0.59206286
Ralb,1.76980439,0.00000000,0.59261959
Kap,0.97431306,0.00000000,0.59324880
Coq5,2.11763958,0.00000000,0.59382810
Ndufv2,2.21076298,0.00000000,0.59922814
Atpaf2,4.15861952,0.00000000,0.59949955
Myl12b;Myl12a,0.79444791,0.00000000,0.60024067
Ces1f,2.19809892,0.00000000,0.60350456
Gm10036;Rpl11;Gm5093,2.60029811,0.00000000,0.60595230
Arl8a,1.32124602,0.00000000,0.61473554
Ccsmst1,2.19248465,0.00000000,0.61838467
Immp1l,1.97586014,0.00000000,0.61961772
Gls,1.43431010,0.00000000,0.62176032
Pdia3,1.01491019,0.00000000,0.62229487
Prodh2,2.01512318,0.00000000,0.62349706
Rpl22,1.49422222,0.00000000,0.62350279
Rbp4,0.68735646,0.00000000,0.62572161
Bckdha,1.88499985,0.00000000,0.62572794
Rab35,2.28484934,0.00000000,0.62573808
Rps5,0.83819688,0.00000000,0.63524253
Hsd17b8;H2-Ke6,1.86820499,0.00000000,0.63640030
,1.14362809,0.00068306,0.64539411
Mrps12,1.89523998,0.00975290,0.64679160
mt-Nd3;Mtnd3,1.32809265,0.00000000,0.64789999
Tcaim;TCAIM,1.76436061,0.00000000,0.64912215
Lyrm5,1.52954755,0.00000000,0.65062666
Ndufv3,3.95132708,0.00000000,0.66313880
Slc34a1,0.69769326,0.00000000,0.66314976
Cyp27a1,1.85841730,0.00000000,0.66847188
Dnaja1,0.54357138,0.00068353,0.67443335
Atp6v1b2,0.99591419,0.00000000,0.67560891
Akap1,0.79817841,0.00269540,0.68183576
Mcat,1.04449701,0.00000000,0.68664096
,1.84581865,0.00000000,0.69199035
Cpt2,4.22951334,0.00000000,0.69470341
Nnt,3.00596800,0.00000000,0.69912468
Acox1,1.67155165,0.00000000,0.70539876
Sdha,2.85447217,0.00000000,0.70631900
Nudt8,2.62215930,0.00000000,0.70639713
Dbt,2.16013821,0.00000000,0.70884665
Mdh1,1.63832183,0.00000000,0.73386194
Cox6a1,1.15115569,0.00000000,0.73523098
Nudt7,1.72850515,0.00000000,0.73603433
Iscu,1.97565659,0.00000000,0.73684475
Ccdc150,0.80523483,0.00000000,0.73981615
Foxred1,1.01203348,0.00000000,0.74037626
Rpl12,3.23674387,0.00000000,0.74564368
Pex12,1.65753793,0.00000000,0.74301609
Chchd7,1.28274689,0.00000000,0.74527087
Slc25a12,3.23404157,0.00000000,0.74565418
Ca5a,1.43041179,0.00000000,0.75182623
Mrps31,1.66004593,0.00000000,0.75516737
Nme1,4.00594046,0.00000000,0.75910719
Acot8,2.48953679,0.00000000,0.77533526
Acot9;Acot10,4.02342268,0.00000000,0.77969548
Mrpl43,4.06067048,0.00000000,0.78710821
Folh1,0.79967917,0.00000000,0.79279881
Higd2a,2.36128874,0.00000000,0.79513022
Ndufv3,1.61591720,0.00000000,0.79839484
Slc22a6,0.82023228,0.00000000,0.80410185
Pck2,1.67479740,0.00000000,0.80473534
C1qbp,1.87400354,0.00000000,0.80671629
Abcb8,2.34372542,0.00000000,0.81188441
Rhog,2.77865181,0.00000000,0.82014373
Ppfia3,1.05463430,0.00789990,0.82645237
Cbr4,4.01012025,0.00000000,0.83133207
Ccdc90b,3.40938784,0.00000000,0.84093105
Esd,3.07452156,0.00000000,0.84116057
Acad8,0.48224589,0.00467910,0.84347069
Nme6,1.45756827,0.00000000,0.86063221
Ube2n,1.22503971,0.00000000,0.86846720
Hsd17b12,1.69603026,0.00000000,0.87462450
Lyrm7,2.19749693,0.00000000,0.87760785
Gstz1,2.47043277,0.00000000,0.87791341
Usp2,2.36297993,0.00000000,0.88365038
Gnb1,2.12353777,0.00000000,0.88392926
Guk1,2.87449091,0.00000000,0.88481081
Hspa8,1.98993589,0.00000000,0.88726851
Cnpy2,2.56629787,0.00000000,0.89042046
Lyz1,1.64125897,0.00000000,0.90195263
Tmed9,1.01957812,0.00000000,0.90574469
Pgrmc1,2.00178075,0.00000000,0.90630549
Uqcrh,2.50977243,0.00000000,0.90680046
Clpp,2.28296013,0.00000000,0.91549677
Rtn4,1.60762018,0.00533330,0.91950484
Mlec,2.41792986,0.00000000,0.94049164
Qrsl1,1.27250663,0.00000000,0.94875612
Nme3,1.84089461,0.00000000,0.94984017
Mettl15,0.99723631,0.00000000,0.95781119
Atp6v1g1,2.02872436,0.00000000,0.96036135
Tmem33,1.39057815,0.00000000,0.96280592
Mrps36,3.28036095,0.00000000,0.96370436
Rab8b,1.98762702,0.00000000,0.96781432
Pex11b,2.67034099,0.00000000,0.97633923
Rab27a,2.05049483,0.00000000,0.97928281
Aifm1,1.99491944,0.00000000,0.99059051
Rap1a,1.61424943,1.00000000,0.99958672
Mtfp1,2.95243075,0.00000000,1.00039044
Smim8,1.80210321,0.00000000,1.00276782
Ppif,3.90312722,0.00000000,1.01109446
Rdx,1.22536410,0.00000000,1.01297979
Gm10020;Rpl15,1.93078713,0.00000000,1.02046374
Dnajc11,1.77688781,0.00000000,1.02614830
Rpn1,1.51244407,0.00000000,1.02889936
Sdhaf1,2.28620099,0.00000000,1.02996762
Akr1c21,1.03895770,0.00000000,1.03388301
Tmem177,2.82196300,0.00000000,1.06322343
Arpc3,1.89441725,0.00000000,1.06917522
Pet117,2.97958001,0.00068399,1.07097393
Pdzk1ip1,1.48874508,0.00000000,1.09937336
Hspd1,2.48696293,0.00000000,1.51431100
Rpl18a;Gm17541,1.78421028,0.00000000,1.10137489
Slc25a13,2.69175576,0.00000000,1.11669642
Slc5a2,1.77305802,0.00000000,1.13711413
Gm4952,1.17721014,0.00000000,1.14052908
Ociad1,2.57968575,0.00788950,1.14150331
Atp6v1a,2.62676604,0.00000000,1.14256050
Zbed5;Chchd2,2.21906807,0.00000000,1.15381878
Acox1,0.67328554,0.00000000,1.15895153
Syne1,1.60894062,0.00468230,1.17788991
Mup14;Mup8,2.35480614,0.00000000,1.18338372
Acnat2,2.58544747,0.00000000,1.18487397
Arf6,1.18387841,0.00000000,1.20547325
Gadd45gip1,3.22579847,0.00000000,1.20548927
Fxyd2,3.04623470,0.00000000,1.20582345
Bco2,3.06625045,0.00000000,1.22816040
Rpl21,1.11731315,0.00468850,1.22847048
Acadvl,2.59452551,0.00000000,1.23334524
Hmx1,1.45310072,0.00850230,1.23797544
Alas1,2.35108173,0.00000000,1.24553593
Apmap,1.88039807,0.00000000,1.24825625
Cox7c,2.77041888,0.00000000,1.25653962
Smim12,2.33899773,0.00000000,1.26266217
Trmt10c,2.86904577,0.00068493,1.27281516
Cldn2,1.70373362,0.00000000,1.27420432
Slc9a3r1,1.62639256,0.00000000,1.28483280
Ldhb,1.65610092,0.00000000,1.29321422
Mup1;Mup15;Mup7,1.67920053,0.00000000,1.30783672
Arhgdia,3.17045779,0.00000000,1.32437867
Cotl1,0.93128015,0.00000000,1.32527880
Acly,1.50783023,0.00970250,1.35322675
Acbd5,2.12358471,0.00000000,1.39302894
Bax,1.46474027,0.00000000,1.39683967
Arpc4,1.76510664,0.00000000,1.44068406
Gstt1,2.12736070,0.00000000,1.45140560
Rasef,1.22223542,1.00000000,1.48599219
Krtcap2,1.06136210,0.00000000,1.50376342
Nudt9,1.09547916,0.00000000,1.50597682
Ces2c;Ces2b,2.37039272,0.00000000,1.53489514
Rpl17;Gm6133,1.79458557,0.00271370,1.54447593
Slc25a25,1.17224662,0.00000000,1.64815537
Dars2,3.30584179,0.00000000,1.67330120
Mrps18b,3.53095439,0.00000000,1.70915320
Nphp4,2.48977539,0.00849120,1.71407884
Cox7c,1.62865132,0.00000000,1.71750323
Serpinf1,1.44365322,0.00204220,1.74046679
Msn,2.25570698,0.00000000,1.79284997
Iqcg,1.86653113,0.00000000,1.80658214
Slc25a34,3.88739943,0.00000000,1.91968840
Lipt1,1.90643199,0.00000000,1.95067759
Arf4,2.41111052,0.00000000,1.96414106
Rpl32;Gm4987,1.40384030,0.00000000,2.04746943
Mettl7b,2.19661913,0.00000000,2.07228723
Reep6,3.58005687,0.00000000,2.09861320
Tomm5,2.23444543,0.00000000,2.28345254
Vamp8,1.89298710,0.00000000,2.37150056
Nme2,4.00221741,1.00000000,2.39783726
Dst,1.35850673,0.00976560,2.41801070
Thrap3,3.29856578,1.00000000,2.58108094
Ssr1,2.01240184,0.00000000,2.59467077
B3galtl,2.56906191,1.00000000,2.62134272
Jup,1.13356701,0.00000000,2.81666180
Pigs,1.37165249,0.00000000,3.03095578
Snap23,3.25271526,0.00000000,3.03499672
Atp6v1c1,4.15613065,0.00000000,5.00000000
Slc12a7,4.03283866,0.00531560,5.00000000
Bsg,3.97032335,0.00000000,-5.00000000
Pls1,3.88420258,0.00787400,-5.00000000
Mettl20,3.86717109,0.00000000,-5.00000000
Wbscr16,3.85342740,0.00000000,-5.00000000
Hist1h1c;Hist1h1d,3.84144235,0.00000000,5.00000000
Ncstn,3.79244096,0.00271190,5.00000000
Dad1,3.79036901,0.00000000,-5.00000000
Myh11,3.74962328,0.00000000,5.00000000
Vcp,3.60408559,0.00000000,5.00000000
Alpl,3.60246964,0.00000000,5.00000000
Itpr2,3.57322383,0.00000000,5.00000000
Emc8,3.23146780,0.00000000,-5.00000000
Ppm1k,3.05145413,0.00000000,5.00000000
Aldh18a1,3.05021194,0.00000000,5.00000000
Manba,2.98720923,0.00000000,5.00000000
Slc25a11,2.90712782,0.00000000,-5.00000000
Olfr578,2.89718867,1.00000000,5.00000000
Itga3,2.52136124,0.00000000,5.00000000
Phlpp2,2.46037451,1.00000000,5.00000000
Mrpl52,2.46018956,0.00467600,5.00000000
Mtrf1,2.45947585,0.00000000,-5.00000000
Ywhae,2.45870799,0.00000000,5.00000000
Plscr2,2.45794662,0.00000000,-5.00000000
Sel1l,2.45291437,0.00000000,5.00000000
Atp6v1f,2.44947420,0.00000000,5.00000000
Sord,2.44817341,0.00000000,5.00000000
Mgam,2.44747926,0.00000000,5.00000000
Slc26a1,2.44412714,0.00000000,5.00000000
Dcxr,2.44166251,0.00000000,-5.00000000
Elovl1,2.44131050,0.00000000,5.00000000
Naga,2.43699590,0.00000000,5.00000000
Ash1l,2.42662176,1.00000000,5.00000000
Gc,2.42554279,0.00000000,-5.00000000
Psen2;Psen1,2.42463377,0.00000000,5.00000000
Chchd10,2.42104530,0.00000000,5.00000000
Atp12a,2.40781152,1.00000000,-5.00000000
Cldn10,2.40168661,0.00000000,5.00000000
Atp6v0c,2.37474325,0.00000000,5.00000000
Gm5635;Gm14511;Fthl17,2.37296153,1.00000000,5.00000000
Nhlrc3,2.37129784,0.00000000,5.00000000
Slc25a48,2.36146958,0.00000000,5.00000000
Dpm3,2.34401149,0.00000000,5.00000000
Nop58,2.32615924,1.00000000,5.00000000
Slc22a2,2.32512398,0.00000000,5.00000000
Slc37a4,2.26219017,0.00000000,-5.00000000
Ppp1cc;Ppp1cb;Ppp1ca,2.24422909,0.00000000,-5.00000000
H2afv;H2afz,2.21261434,0.00000000,5.00000000
Rnf17,2.10946271,0.00974660,-5.00000000
Hpdl,2.04969494,0.00000000,5.00000000
Tcn2,2.04568781,0.00000000,5.00000000
Nccrp1,2.01955125,0.00000000,-5.00000000
S100a6,2.00457335,1.00000000,5.00000000
Mup2,2.00136447,1.00000000,5.00000000
Pgap1,1.94619493,0.00271550,5.00000000
Fah,1.94294342,0.00968990,5.00000000
Cyp2d9,1.86035275,0.00000000,5.00000000
Acot11,1.77812305,0.00532270,5.00000000
,1.74710361,1.00000000,5.00000000
Pkm,1.72970941,0.00000000,5.00000000
Stag2,1.35475130,1.00000000,5.00000000
Atp9a,1.35475130,0.00660070,5.00000000
Lamc3,1.35475130,1.00000000,5.00000000
Dab2ip,1.35475130,0.00788440,5.00000000
Cad,1.35475130,0.00000000,-5.00000000
Acad11,1.35475130,0.00000000,5.00000000
Galnt11,1.35475130,1.00000000,5.00000000
Glyr1,1.35475130,0.00972760,-5.00000000
Ugdh,1.35475130,0.00000000,5.00000000
Wee2,1.35475130,1.00000000,-5.00000000
Selenbp1;Selenbp2,1.35475130,0.00136430,5.00000000
Hdhd2;Ier3ip1,1.35475130,0.00000000,5.00000000
Immt,1.35475130,0.00000000,5.00000000
Cdhr2,1.35475130,0.00000000,5.00000000
Ptbp1,1.35475130,0.00000000,5.00000000
Atl2,1.35475130,1.00000000,-5.00000000
Rb1cc1,1.35475130,1.00000000,-5.00000000
Pgam2;Pgam1,1.35475130,0.00271000,5.00000000
Lgmn,1.35475130,0.00000000,5.00000000
Ctsl,1.35475130,0.00000000,5.00000000
Alb,1.35475130,0.00000000,-5.00000000
Otc,1.35475130,0.00000000,-5.00000000
Glb1,1.35475130,0.00000000,5.00000000
Uox,1.35475130,0.00000000,-5.00000000
Lhx3,1.35475130,1.00000000,5.00000000
Rab4a;Rab4b,1.35475130,0.00000000,-5.00000000
Nanos2,1.35475130,1.00000000,5.00000000
Arl1,1.35475130,0.00000000,5.00000000
Selt,1.35475130,0.00000000,5.00000000
Rab11a,1.35475130,0.00402960,-5.00000000
Rpl8,1.35475130,0.00270640,-5.00000000
Dok1,1.35475130,1.00000000,-5.00000000
Cyp2e1,1.35475130,0.00970870,5.00000000
Cd36,1.35475130,0.00402680,5.00000000
Prelid2,1.35475130,0.00467290,5.00000000
Coq7,1.35475130,1.00000000,5.00000000
Ogdh,1.35475130,1.00000000,-5.00000000
Aga,1.35475130,0.00000000,5.00000000
Cyp24a1,1.35475130,0.00000000,5.00000000
,1.35475130,1.00000000,-5.00000000
Fn3k,1.35475130,1.00000000,-5.00000000
Prcp,1.35475130,0.00000000,5.00000000
Cpm,1.35475130,0.00403770,5.00000000
Tdrkh,1.35475130,0.00000000,5.00000000
Lmf2,1.35475130,0.00659630,5.00000000
Fam151a,1.35475130,0.00000000,-5.00000000
Hdlbp,1.35475130,0.00270090,5.00000000
Slc22a7,1.35475130,0.00790510,5.00000000
Scpep1,1.35475130,0.00000000,5.00000000
Mrm1,1.35475130,0.00659200,-5.00000000
Derl1,1.35475130,0.00068446,5.00000000
Emilin1,1.35475130,0.00000000,5.00000000
Abcb6,1.35475130,0.00789470,5.00000000
Sacm1l,1.35475130,0.00000000,5.00000000
Cpq,1.35475130,0.00000000,5.00000000
Zfp532,1.35475130,1.00000000,5.00000000
,#DIV/0!,0.00000000,-5.00000000
Abca17,#DIV/0!,1.00000000,-5.00000000
Lrrc16a,#DIV/0!,1.00000000,-5.00000000
Rap1gds1,#DIV/0!,0.00000000,-5.00000000
Tpst2,#DIV/0!,0.00000000,-5.00000000
Ugt2b37;Ugt2b5;Ugt2b17,#DIV/0!,0.00000000,-5.00000000
H2afx,#DIV/0!,0.00000000,-5.00000000
Mup20,#DIV/0!,0.00000000,-5.00000000
Nsun4,#DIV/0!,0.00000000,-5.00000000