Gene.Symbol,qval,log2FC,minuslog_pval
Hsp90ab1,0.00000000,-1.30184195,5.82586820
Vdac2,0.00000000,-1.28527546,5.36106442
Lyrm2,0.00059277,5.00000000,5.86781124
Glyr1,0.00000000,-2.82511580,7.72953364
Rdh19;Rdh1,0.00000000,-1.79985582,4.69126162
Lyrm7,0.00000000,-1.63978751,5.57310163
Tsfm,0.00000000,-1.28573679,6.34364336
Ptcd1,0.00000000,-1.25049139,4.52377799
Pars2,0.00000000,-1.20793638,6.31479440
Ptges2,0.00000000,-1.19656117,4.90401584
Fahd2,0.00000000,-1.18681945,8.51131371
Mcu,0.00000000,-1.07633213,4.91467457
Mtch2,0.00000000,-0.99172228,7.79952776
Mrpl44,0.00000000,-0.98534685,5.79731236
C12orf65 homolog,0.00000000,-0.97879328,5.15166979
Lactb2,0.00000000,-0.96455186,4.49622885
Keg1,0.00000000,-0.95860822,8.03440428
Trap1,0.00000000,-0.93518675,5.15133207
Gls2,0.00000000,-0.88706878,6.06883274
Vdac1,0.00000000,-0.86329468,5.59910957
Hspa9,0.00000000,-0.85019289,8.00478996
D2hgdh,0.00000000,-0.84860394,6.04176316
Tfb1m,0.00000000,-0.84529196,7.77995366
Slc22a18,0.00000000,-0.78294209,4.47234445
Tmem126a,0.00000000,-0.77624209,5.13257407
mt-Co3,0.00000000,-0.77557127,5.31745356
Pam16,0.00000000,-0.76872187,4.45490847
Acsm1,0.00000000,-0.76375987,5.20489016
Cyp2c68,0.00000000,-0.76263668,4.51341591
Mpst,0.00000000,-0.73629350,5.77205762
Nln,0.00000000,-0.69790950,5.08402253
Pdk2,0.00000000,-0.59549810,4.50364928
Coasy,0.00000000,-0.49419576,5.40440558
L2hgdh,0.00000000,-0.48108565,4.63753768
Agxt2,0.00000000,-0.39662531,5.24656401
Acad10,0.00000000,-0.31247578,7.05485881
Aldh4a1,0.00000000,-0.26152223,5.70157846
Acsm3,0.00000000,-0.23455019,7.36884469
Mrps18a,0.00000000,2.22193157,6.04805593
Dnajc3,0.00000000,0.40797502,5.98225411
Fndc3a,0.00000000,0.47264539,7.97285913
Txndc5,0.00000000,0.51773059,4.60350037
Ncln,0.00000000,0.55707264,4.71534667
Slc25a1,0.00000000,0.58892375,6.09115113
Bhmt,0.00000000,0.60803576,5.04666034
Cyp4v2,0.00000000,0.62049120,4.76039199
Mbl2,0.00000000,0.64385541,5.69721647
Acad11,0.00000000,0.65453077,7.59874641
Cyp1a2,0.00000000,0.66515372,5.81647643
Ssr1,0.00000000,0.66538399,4.45548364
Ces2c,0.00000000,0.84710424,7.96164513
Rpl26,0.00000000,0.86341954,6.27230534
Htra2,0.00000000,0.87074714,4.43488994
Iyd,0.00000000,0.87898729,5.57070897
Bsg,0.00000000,0.90837445,6.71752493
Rps11,0.00000000,0.96660909,6.59444331
Pex6,0.00000000,1.05212083,5.41267650
Mlec,0.00000000,1.12565462,4.94157094
Tmem205,0.00000000,1.15811975,7.49503670
Slc39a7,0.00000000,1.16423985,4.47749946
Slc25a30,0.00000000,1.22568758,4.60740695
Tmem120a,0.00632910,1.28994924,4.57168626
Sec63,0.00000000,1.29187275,5.33403935
Slc35a3,0.00000000,1.35778070,6.72989507
 C19orf52 homo,0.00000000,1.48336365,7.27472938
Rps23,0.00000000,1.57991698,6.24017259
Ssr3,0.00000000,1.59996366,6.99763284
Ptplb,0.00000000,0.81559468,4.30092209
Phyh,0.00000000,-0.75889733,4.30000304
Nudt6,0.00000000,-1.06581803,4.28914762
Fmo1,0.00000000,1.11156124,4.26020522
Alg2,0.00000000,1.53496246,4.24990977
Acsl1,0.00000000,-0.68014668,4.24156630
Mrps27,0.00000000,-0.50074254,4.22311569
Mrps22,0.00000000,0.37104208,4.14889055
Sel1l,0.00000000,1.08393343,4.12724397
Oma1,0.00000000,-0.84444242,4.08104945
Rpl13,0.00000000,0.59798810,4.03062254
Hsd17b8;H2-Ke6,0.00000000,0.53380268,4.02200081
Dars2,0.00000000,-0.64851427,4.00414943
Gapdh;Gm3839;Gm7293;Gm5069,0.00000000,1.10842592,4.00280200
Faah,0.00000000,-0.44006150,3.98048932
Fhit,0.00000000,-0.41270715,3.96753275
Aldh1a1,0.00000000,0.83582025,3.92635985
Rpl6;Gm5428,0.00000000,1.20086271,3.92099143
Tbl2,0.00000000,0.92969981,3.91781115
Cyp2b10,0.00000000,0.75401659,3.90189173
Nsdhl,0.00000000,1.14021972,3.90064021
Poldip2,0.00000000,0.38227719,3.88604733
Clptm1,0.00000000,1.26063882,3.88346751
Ugt2a3,0.00000000,0.51346577,3.88102637
Hsd17b12,0.00000000,1.13649226,3.87426755
Rpl8,0.00000000,0.77427504,3.84983942
Rhog,0.00000000,1.13549127,3.84526970
Thnsl1,0.00000000,-0.94578164,3.83929536
Gm4952,0.00000000,-0.74127821,3.82311530
mt-Co1;Mtco1,0.00000000,-1.71806843,3.78899166
Mrpl22,0.00000000,0.73743844,3.77318956
Rpl7a,0.00000000,0.93794476,3.76383197
Pdss1,0.00000000,-0.99897336,3.74617430
Malsu1,0.00000000,-0.73120201,3.73928226
Rpl12,0.00000000,1.30497045,3.73306367
Sec61b;Gm10320,0.00000000,1.15827200,3.73093148
Mrpl3,0.00000000,0.41394953,3.71921175
Cyp4f15;Cyp4f40;Cyp4f17;Cyp4f3,0.00000000,-1.39419270,3.69194614
Cbr1,0.00000000,-1.00989520,3.69100171
Rrbp1,0.00000000,1.15665966,3.67769796
Canx,0.00000000,0.99021490,3.67175832
Sfxn2,0.00000000,-0.46278047,3.64686767
Pdia6,0.00000000,0.60944851,3.63632141
Cox7a1,0.00000000,0.82850247,3.61892103
Iscu,0.00000000,-0.83364394,3.57147576
Dnaja1,0.00000000,1.80099526,3.55740035
Eef2,0.00000000,0.49694270,3.55485884
Ndufaf2,0.00000000,0.72665128,3.53481757
Rab24,0.00000000,-0.47601155,3.52996053
Mif,0.00348630,-1.27762795,3.51665062
Mgll,0.00000000,-4.81513079,3.51621345
Cecr5,0.00000000,-0.47616600,3.51447886
Mlycd,0.00000000,-0.38455999,3.49653758
Slc25a3,0.00000000,0.36228359,3.49649596
Ppib,0.00000000,1.22327989,3.49076590
Dnajc25,0.00000000,0.45137754,3.46524303
Rdh12,0.00845070,-1.31285782,3.46225424
Pnkd,0.00000000,-0.79621898,3.45892846
Prkcsh,0.00000000,0.74799518,3.42892258
Ociad1,0.00000000,-2.89017171,3.42880628
Pdk1,0.00000000,-0.58183472,3.42565215
Mttp,0.00000000,1.01059035,3.39697454
Rpusd4,0.00631100,3.37411497,3.39329319
,0.00000000,1.13548813,3.38109644
Lpgat1,0.00000000,1.25415941,3.38026582
Rab4b,0.00176470,-0.90092122,3.37816298
Lclat1,0.00059737,0.71818689,3.37304390
Ech1,0.00000000,-0.50457358,3.36539211
Ugt1a6b,0.00000000,-1.48001604,3.36062837
Grsf1,0.00000000,-0.62348733,3.34988606
Txnrd2,0.00000000,-0.50982619,3.34273072
Rpl19,0.00000000,1.16096774,3.32978938
Pm20d1,0.00000000,0.32990622,3.32104725
Sacm1l,0.00000000,0.47108923,3.30528301
Adck4,0.00000000,-1.22434158,3.28521048
Trnt1,0.00000000,-0.59869385,3.27972363
Ado,0.00000000,0.96296327,3.27720505
Ldha,0.00000000,-0.72840287,3.27327536
Mogs,0.00000000,1.20758120,3.26964584
Myl6,0.00000000,0.69675819,3.25509845
Ndufa7,0.00000000,-0.61823090,3.25086908
Cyp7b1,0.00000000,1.76963593,3.24977217
Mpdu1,0.00000000,-0.82442562,3.24581435
Rps13,0.00000000,1.16909549,3.24552670
Clybl,0.00000000,-0.64932158,3.23793092
Trmt10c,0.00000000,-0.79091406,3.22846804
Mccc1,0.00000000,-0.70900072,3.22701418
Lonp2,0.00000000,0.88942317,3.22380091
Slc25a32,0.00000000,-0.59996499,3.22344841
Rab5b,0.00000000,-1.37468191,3.21764582
Immt,0.00000000,-0.21593557,3.21092677
Gcsh,0.00000000,-1.10899765,3.19405276
Hpd,0.00000000,-0.63411058,3.17992065
Cdk5rap3,0.00000000,0.76173931,3.17902645
Me2,0.00000000,0.54041844,3.17048284
Tomm40l,0.00000000,-1.53582991,3.16438178
Pgam5,0.00000000,0.94267532,3.15338377
Ggcx,0.00000000,1.07424147,3.14310432
Mrps17,0.00000000,-1.14928404,3.13610642
Sts,0.00000000,0.63906404,3.13302807
Retsat,0.00000000,0.56611584,3.13199188
Fh,0.00000000,-0.43153779,3.11025858
H6pd,0.00000000,1.14980846,3.10738682
Coa3,0.00000000,-0.80293390,3.09984089
Pcca,0.00000000,-0.54619383,3.09155815
Xirp2,1.00000000,1.15951754,3.08118176
Praf2,0.00577370,1.72946113,3.07964734
Hint3,0.00520230,1.65247248,3.07938181
Hadh,0.00000000,-0.60626727,3.05909869
Tcaim;TCAIM,0.00000000,-0.58349103,3.05728192
Ugt3a2,0.00000000,0.85978886,3.04406366
Mccc2,0.00000000,-0.28685033,3.04083760
Dlat,0.00000000,-0.79079868,3.02142134
Mipep,0.00000000,-0.61713397,3.01678139
Hsd3b7,0.00000000,0.50623952,3.00463274
Cyp2c44,0.00000000,0.56781432,2.96865072
Armc10,0.00000000,0.48584603,2.94947518
Hoga1,0.00000000,-0.50843034,2.93114886
Gpam,0.00000000,0.82781779,2.92401563
Fgg,0.00000000,0.84380103,2.91017407
Prepl,0.00000000,1.69285068,2.90520947
Rars2,0.00000000,-0.41288201,2.90245306
Cyp2a22,1.00000000,-1.12851446,2.89705366
Glb1,0.00000000,-1.69726609,2.89617381
Immt,0.00000000,-1.24151902,2.89445218
Bdh2,0.00000000,-1.53520578,2.89219908
Gstt1,0.00176570,1.97306823,2.89165793
Acsm5,0.00000000,-0.31116665,2.88817367
Pde12,0.00000000,-0.72680239,2.88327827
Surf1,0.00000000,0.63029936,2.88102585
Dnajc11,0.00000000,-0.55985638,2.86576457
Mrpl48,0.00000000,0.91817029,2.86193617
Egfr,0.00000000,1.84290177,2.85252608
Lman2,0.00000000,0.66252050,2.84939981
Cyp3a11,0.00000000,0.44901258,2.84911437
Hsp90b1,0.00000000,0.82806091,2.84785963
Hmox2,0.00000000,0.92423674,2.84421598
Lmf1,0.00000000,1.00534785,2.83857747
Rpp14,0.00000000,-1.43312912,2.82958026
Prdx1,0.00000000,-0.44467017,2.82501037
Ndufb7,0.00000000,-0.71071796,2.80555190
mt-Atp6;Mtatp6,0.00000000,-1.68673644,2.80334670
Yme1l1,0.00000000,0.16642836,2.79797278
Mthfd1,0.00000000,0.76458121,2.79240241
Noa1,0.00000000,-1.46716708,2.79185424
Cisd1,0.00000000,-0.69758058,2.78159474
Mcee,0.00000000,-0.68727080,2.77367761
Acot2,0.00000000,-0.45300420,2.76209695
Rps25,0.00000000,2.15661619,2.74767692
Gm10020;Rpl15,0.00000000,0.89908573,2.74322467
Agxt,0.00000000,-1.10585877,2.74313496
Blvrb,0.00000000,0.94448545,2.74211214
Selo,0.00000000,-0.75714152,2.73668976
Rhot1,1.00000000,1.32670122,2.72487131
Mrps25,0.00000000,0.45549888,2.71051012
Mar-02,0.00000000,0.53079912,2.70485922
Smpdl3a,0.00000000,-2.80232242,2.70363639
Arpc3,0.00000000,1.21920307,2.69662012
Apmap,0.00000000,0.44762148,2.68811064
Gars,0.00000000,-0.49255605,2.68767032
Nme6,0.00000000,-0.88382413,2.68058986
Mp68,0.00000000,1.15406969,2.68027567
Mup17;Mup13;Mup11,0.00000000,2.31552896,2.67705170
Vcl,0.00059524,1.03554298,2.67593605
Ermp1,0.00000000,0.56234030,2.66557387
Alms1,1.00000000,-1.83127646,2.66440121
Enpep,0.00000000,-0.78260219,2.65880193
Aldh6a1,0.00000000,-0.15987176,2.64611312
Ccdc47,0.00000000,0.34218152,2.64332746
Glyat,0.00000000,-0.34712220,2.64007797
Dmgdh,0.00000000,0.78795959,2.62203457
Emc4,0.00000000,1.01662366,2.62127123
Reep5,0.00000000,0.79396878,2.61380456
Tmem86b,0.00000000,1.99259867,2.61342592
Pxmp2,0.00000000,0.71132203,2.61075328
Ctage5,0.00000000,0.60064632,2.60669249
Ugt2b35,0.00000000,0.75847479,2.60538460
Cyp4a12a,0.00000000,0.76356229,2.60428274
Mtx3,0.00000000,-1.02766857,2.60355904
Gsr,0.00000000,-0.31679190,2.60003712
Tmem126b,0.00000000,1.04587870,2.58592138
Hscb,0.00000000,1.04427254,2.57603354
Bckdk,0.00000000,-1.01488261,2.57563980
Letmd1,0.00000000,-0.71614125,2.57108619
Esyt1,0.00000000,0.68793863,2.56648911
Mrpl10,0.00000000,0.62484464,2.55668353
Eif5a;Eif5a2,0.00000000,2.75177919,2.54953124
Tbrg4,0.00000000,-0.38074928,2.54864730
Mrpl11,0.00000000,-0.53931026,2.53951559
Mecr,0.00000000,0.52578444,2.53691775
Mrps18c,0.00000000,-1.40255300,2.53344576
Ndufb5,0.00000000,0.35155949,2.52467973
Pgrmc1,0.00000000,-0.44316073,2.51939743
Angel2,0.00000000,-1.69314884,2.51622435
Atpaf2,0.00000000,-0.41807174,2.51335757
Ugt2b34,0.00000000,0.32569033,2.51093109
Tars2,0.00000000,-0.39026476,2.50644870
Agpat3,0.00000000,-1.78728354,2.49855892
Pcx;Pc,0.00000000,-0.27471788,2.49151545
Hspa8,0.00000000,-0.42333423,2.48853919
Ndufa9,0.00000000,-0.45431486,2.48397727
Agmat,0.00000000,-0.56861992,2.48293920
Gns,0.00000000,-2.24472665,2.47990087
Fads2,0.00000000,-0.71642829,2.47855380
Park7,0.00000000,-0.62316572,2.47579908
Mbl1,0.00000000,1.33513175,2.46588108
Apoe,0.00000000,0.67136886,2.46383255
Mut,0.00000000,-0.56029179,2.45794455
Mrps23,0.00000000,-0.40451587,2.44764114
Atp6v1f,0.00000000,-5.00000000,2.44153058
Gpi,0.00000000,5.00000000,2.44053378
Vps13a,0.00000000,-1.39192408,2.43774843
Mtnd1,0.00000000,-0.82183596,2.42592201
Bcap31,0.00000000,1.15778885,2.42434594
Ppa2,1.00000000,5.00000000,2.40719153
Mrps10,0.00000000,1.28962978,2.40514988
C8g,0.00000000,1.72843270,2.40366226
Erap1,0.00000000,0.45145296,2.39641743
Immp2l,0.00000000,0.90481306,2.39397340
Oxct1,0.00000000,-0.99230874,2.38894516
Ptcd3,0.00000000,-0.43357048,2.38717286
Ogdh,0.00000000,-0.53064250,2.38669004
Rpl27,0.00000000,0.55603369,2.38295108
Nipsnap3b,0.00000000,-1.02406067,2.38094836
P4hb,0.00000000,0.22357642,2.37614477
Rexo2,0.00000000,0.65452616,2.37582528
Cpt1a,0.00000000,0.48785545,2.37576506
Mthfs,0.00000000,0.68755014,2.37339283
Rplp2,0.00000000,0.55901636,2.37029754
Foxred1,0.00000000,0.76221096,2.36567443
mt-Cytb;Mt-Cyb,0.00177510,1.14722373,2.36363631
Preb,0.00000000,0.34713699,2.35968481
Lace1,0.00000000,-0.62634229,2.35954764
Ctnna1,0.00000000,-5.00000000,2.35407744
Mto1,0.00000000,-0.35569818,2.34346329
Maob,0.00000000,-0.29858609,2.34164504
Bak1,0.00000000,-1.94512846,2.33722704
Pdcd6,0.00000000,1.29814350,2.33559758
Acox1,0.00000000,-0.31635344,2.33128029
Stoml2,0.00000000,0.42843914,2.32757157
Acox1,0.00000000,-3.17295205,2.32604777
Uqcrq,0.00000000,0.35005441,2.32409639
Mettl7b,0.00000000,1.07152114,2.32363288
Ndufv1,1.00000000,-5.00000000,2.32298911
Sardh,0.00000000,0.66511761,2.31213035
Pcyox1,0.00000000,0.51085344,2.31095653
Dhrs7b,0.00000000,-0.65456750,2.30611779
Anxa5,0.00000000,5.00000000,2.30066292
Rmdn1,0.00000000,0.85784135,2.29796877
Slc25a16,0.00000000,-0.66427234,2.29317531
Fmo5,0.00000000,0.46243677,2.28663046
Rpl11;Gm10036,0.00000000,0.83579817,2.28402020
Pdf,0.00000000,-0.33922214,2.28383618
Arl6ip5,0.00000000,0.41863819,2.27907051
Ak2,0.00000000,0.52314975,2.27856421
Calm1,0.00000000,-2.73911745,2.26078282
Calu,0.00000000,1.24207122,2.26006805
Lamtor2,0.00000000,5.00000000,2.25817576
Aars2,0.00000000,0.66857702,2.24472790
Aldob,0.00000000,0.28650572,2.23358723
Ndufc2,0.00000000,-0.64999999,2.23275588
Nlrx1,0.00000000,0.50018278,2.23112519
Aldh3a2,0.00000000,0.30528986,2.23002930
Spcs3,0.00000000,0.61346957,2.22740824
Abat,0.00000000,-0.27296996,2.22714960
Ccdc150,0.00233100,1.57322648,2.22106643
Vmp1,0.00000000,2.18080375,2.21710704
Guk1,0.00000000,1.26177976,2.21370563
Acot12,0.00000000,-0.77158974,2.21366398
Ugt2b38,0.00000000,1.38751779,2.21227629
Erlin2,0.00000000,0.63367787,2.21169925
Cox15,0.00000000,-0.55690209,2.20928673
Nfu1,0.00000000,-0.70981804,2.19960394
Rfk,0.00000000,-3.41664245,2.19887920
Fn1,0.00000000,-5.00000000,2.19386200
Lgmn,0.00000000,-1.17010911,2.19336567
Slc25a42,0.00000000,-0.47559593,2.18490346
Gldc,0.00000000,-0.45397215,2.18205328
Ndufa2,0.00000000,0.63409082,2.18065133
Amt,0.00000000,-0.58642982,2.17970572
Tpp1,0.00000000,-1.06814023,2.17880044
Atp5s,0.00000000,-0.74598826,2.17012109
Cbs,0.00000000,-5.00000000,2.16966673
Lgals9,0.00000000,-0.49294190,2.16889920
Ndufa8,0.00000000,0.81454938,2.16571936
Ilvbl,0.00000000,-0.64652204,2.15977614
Ugt1a8,1.00000000,0.91824807,2.15814731
Cryz,0.00000000,-0.37103106,2.15447931
Mup1;Mup7,0.00000000,0.99897541,2.14850049
Echdc3,0.00000000,-0.98307027,2.14784792
Pik3c2a,1.00000000,-3.29113126,2.14692518
Anp32b,0.00000000,1.50213256,2.14488398
Spcs1,0.00520830,-3.08017215,2.14445975
Ttn,1.00000000,0.61727010,2.13426591
Srxn1,0.00000000,-0.67444159,2.12907225
Elmod2,0.00000000,0.85721027,2.12273701
Slc25a37,0.00000000,1.51704893,2.11835306
Fastkd5;Ubox5,0.00000000,-0.63677361,2.11085873
Acot9;Acot10,0.00000000,-0.28231963,2.10611236
Man2b1,0.00000000,-0.91708642,2.10379309
Rps19,0.00000000,0.93584489,2.09497103
Atad1,0.00000000,-0.37800631,2.09491009
Ugt2b1,0.00000000,0.74662172,2.09350164
,0.00000000,-2.40601670,2.08214093
Ppt2,0.00000000,-1.65671923,2.08132640
Myh9,0.00000000,1.87905439,2.07813706
Serpina1c;Serpina1a,0.00000000,0.53689964,2.07368052
Zadh2,0.00000000,-0.36150127,2.07317812
Gnmt,0.00000000,-1.08413416,2.07301905
Acbd5,0.00000000,1.16830549,2.07093611
C4b,0.00000000,4.04668533,2.06923947
Cyc1,0.00000000,0.27531175,2.06345277
Magt1,0.00000000,0.63170607,2.06153384
Mrpl15,0.00000000,-0.45895890,2.05678677
Cth,0.00000000,1.63705625,2.05655458
Acot4,0.00000000,-0.51780227,2.05264096
Ercc5,1.00000000,0.97812598,2.04673517
Ddrgk1,0.00000000,1.66947853,2.04551329
Tceb1,0.00000000,3.84272763,2.04269017
Ccdc51,0.00000000,0.37096471,2.04201138
Atp6v0c,1.00000000,5.00000000,2.04042966
Ndufs3,0.00000000,0.79508985,2.03594863
Dnajc30,0.00000000,1.41624915,2.03520472
Rps5,0.00000000,0.63463570,2.03362652
Slc25a45,0.00000000,0.82930330,2.02011267
Rab8a,0.00000000,-0.68921760,2.01809232
Cox5b,0.00000000,-0.24716082,2.01721808
Txn,0.00000000,0.25372007,2.01582087
Acadvl,0.00000000,-0.41958409,2.01548418
Rab22a,0.00000000,-0.73656125,2.01445877
Tmem177,0.00000000,1.17510946,2.00903380
Aldh1l1,0.00000000,2.44163136,2.00600918
Sec61g,0.00000000,-1.11875206,2.00435656
Glul,0.00000000,1.82331807,2.00256782
Mfn2,0.00000000,-0.30552422,2.00096180
Stt3a,0.00000000,0.65149926,1.99617878
Acot13,0.00000000,-0.93785849,1.99216610
Hsd17b11,0.00000000,0.59207779,1.99084516
Prodh,0.00000000,-0.20944222,1.99060215
Rpl31,0.00000000,-0.30224469,1.98306775
Rab1,0.00000000,-0.52898818,1.97964777
Creld2,0.00000000,0.76696334,1.97776053
Ftsj2,0.00000000,-0.92769074,1.97385294
Idh3a,1.00000000,-0.22941675,1.97308449
Gm561,0.00000000,0.90873702,1.97158340
Ndufaf1,0.00000000,-0.43176340,1.97065603
Slc25a25,0.00000000,-0.27208562,1.96639155
Mup10,0.00000000,1.22869519,1.96565947
Mrpl2,0.00000000,0.33809453,1.96349708
Gusb,0.00000000,-1.12312089,1.95870808
Gnb2;Gnb4;Gnb3,0.00000000,0.36347658,1.95822658
Cyb5r3,0.00000000,-0.51272557,1.95522882
Cyp4a12b,0.00000000,5.00000000,1.95292903
Etfdh,0.00000000,-0.28559965,1.94942359
Bax,0.00000000,-1.40705735,1.94924502
Mars2,0.00000000,-0.40912925,1.94890355
Hsd17b6,0.00000000,-1.37019479,1.94588176
Nfu1,0.00000000,-0.91288626,1.94492554
Dap3,0.00000000,-0.37362933,1.94082833
Bckdha,0.00000000,0.18164887,1.93990873
Lrpprc,0.00000000,-0.44698400,1.93251809
Ywhab;Sfn;Ywhae,0.00000000,1.29020691,1.93248302
Sec61a1,0.00000000,0.53538342,1.93111977
Gtpbp8,0.00000000,1.12051287,1.93041723
Nbas,0.00000000,2.97453099,1.93011716
Agk,0.00000000,-0.55021666,1.92528125
Apopt1,1.00000000,-5.00000000,1.92408633
Gyk;Gk,0.00000000,-0.72041902,1.91682787
,0.00000000,1.27487087,1.91145023
Dhrs7,0.00000000,0.59139806,1.90892903
Tmed10,0.00000000,0.91845125,1.90640276
Rpl30,0.00000000,0.74047806,1.90608168
Slc25a23,0.00000000,-0.37842735,1.90431779
Pigs,0.00000000,-0.95524429,1.90350138
Idi1,0.00000000,-0.64197856,1.90332349
Cyp2a5,0.00000000,0.32692062,1.90021744
1700021F05Rik,0.00000000,-0.45602742,1.89981379
Glrx5,0.00000000,0.33201305,1.89826249
Vapa,0.00000000,0.48732206,1.88374258
Mrpl24,0.00000000,0.43620085,1.88305562
Pdia3,0.00000000,0.29447291,1.88229341
Fmo4,0.00000000,0.43444202,1.87481041
Rps3a,0.00000000,1.16115082,1.87440949
Lamp2,0.00000000,0.78408694,1.87412676
Rpl28,0.00000000,0.79250293,1.87288464
Pzp;A2m,0.00000000,2.15675626,1.87100691
Pex5,0.00000000,-0.51133574,1.87099379
Fkbp1a,0.00000000,-1.08119047,1.87099376
Rps9,0.00000000,0.68835087,1.86982601
Stbd1,0.00000000,0.37549507,1.86939801
Tmem242,0.00000000,-0.96230902,1.86934175
Pnkd,0.00000000,-1.04340820,1.86793827
Cds2,0.00951850,3.52958878,1.86370703
Mup8,0.00000000,1.28359534,1.85993255
Atp5sl,0.00000000,-0.86141824,1.85319314
Higd2a,0.00000000,-0.51786426,1.85290252
Tomm70a,0.00000000,-0.45999386,1.85202154
Spcs2,0.00000000,0.53279084,1.83771127
Rtn4ip1,0.00000000,0.36800080,1.83472828
Slc27a5,0.00000000,0.16167306,1.83244952
Vcp,0.00000000,0.52729397,1.83216708
Suclg2,0.00000000,-0.19558811,1.82261801
Athl1,0.00059347,-5.12260802,1.82178451
Akap1,0.00000000,0.45497466,1.82145020
Rps15a,0.00000000,1.31746990,1.82037546
Ccdc58,0.00000000,0.52829225,1.81930392
Gstm3,0.00000000,5.00000000,1.81870942
Stom,0.00000000,-0.89026499,1.81197255
Ctsh,0.00000000,-0.76017598,1.79970571
Oxa1l,0.00000000,1.03665935,1.79394240
Znf536,0.00738220,-5.00000000,1.79104765
Alas1,0.00000000,-0.39300327,1.78818002
Gm20425,0.00000000,-0.38728736,1.78435018
Sds,0.00632550,-2.10379420,1.78330741
Abcb8,0.00000000,-0.65435790,1.78240683
Cuta,0.00634010,-2.03402549,1.77699038
Pcbd2,0.00000000,-0.96206674,1.77681854
Rpl37a,0.00000000,1.02754386,1.77611198
Bnip3l,0.00000000,0.44344732,1.77481278
Tmem19,0.00233240,1.11806982,1.77472176
Ftl1;Ftl2,0.00000000,-0.87772276,1.77439357
Sgms2,0.00683370,1.53610451,1.77215370
Letm1,0.00000000,0.61333990,1.77105590
Reep6,1.00000000,-5.00000000,1.77049442
Immt,0.00000000,-1.07010790,1.76785265
Mthfd1l,0.00000000,-1.50366526,1.76623026
Asah1,0.00000000,-0.45594856,1.76156679
Apool,0.00000000,0.40197388,1.75884468
Tapbp,0.00000000,0.40403510,1.75634476
Ces3b,0.00000000,-0.57859249,1.75476951
Rpl5,0.00000000,2.25127083,1.75274694
Erp44,0.00000000,0.30492811,1.74518907
Tmem70,0.00000000,0.52297072,1.74435747
Slc25a19,0.00000000,-1.40774064,1.74187854
Pusl1,0.00000000,0.66027498,1.73813133
Dhcr7,0.00000000,0.53881224,1.73707876
Dnaja2,0.00847460,0.65604752,1.73700900
Os9,0.00000000,3.60576189,1.73637686
Pyroxd2,0.00000000,-0.24287845,1.73394521
Gm20671;Pisd,0.00000000,-0.24734946,1.73193967
Tha1,0.00000000,-0.43972930,1.72644297
Rab1b,0.00000000,-1.19539105,1.71659225
Cyp4f13,0.00627500,1.18477745,1.71348633
Ephx2,0.00000000,-0.30948019,1.70990789
Coq9,0.00000000,0.78461644,1.70987793
Qdpr,0.00000000,-0.66109481,1.70692449
Ccsmst1,0.00000000,1.33433823,1.70591559
Cox5a,0.00000000,-0.24873366,1.70372912
Fabp1,0.00000000,-0.26912237,1.70003933
Ivd,0.00000000,-0.31581881,1.69872589
Gnpat,0.00000000,-1.40557197,1.69789706
Tram1,0.00000000,0.45492189,1.69737528
Mpc2,0.00000000,-1.03978680,1.69697683
Mrpl27,0.00000000,-0.79370630,1.69548901
Guf1,0.00000000,-0.57841337,1.68936205
Rps12,0.00000000,0.94068492,1.68812603
Cmc2,0.00633640,0.93874340,1.68740398
Dtd1,0.00000000,-1.92406685,1.68642045
mt-Atp8;Mtatp8,0.00000000,-0.35714530,1.68514199
Arg1,0.00000000,0.50049701,1.68434383
Idh3a,0.00000000,0.23722217,1.68393002
Tk2,0.00000000,-2.07010167,1.68327157
Fam213b,0.00000000,-0.50788806,1.68142536
Ecsit,0.00000000,0.28666372,1.68135531
Cisd2,0.00000000,0.55203204,1.67991200
Tap2,0.00000000,3.00735920,1.67724528
Pxmp4,0.00000000,-0.58392609,1.67101230
Serpina1e,0.00000000,-0.66434344,1.66720661
Pecr,0.00000000,-0.23376662,1.66484166
Cox10,0.00000000,0.94301292,1.66446872
Arsa,0.00631820,-1.91139132,1.66053273
Tfam,0.00000000,-0.45031474,1.65776944
Aass,0.00000000,-0.40583590,1.65673494
Zbed5;Chchd2,0.00000000,0.91261726,1.65050013
Chchd4,0.00000000,0.66516350,1.64920024
Mrpl1,0.00000000,0.37178056,1.64859955
,0.00000000,0.95070260,1.64773055
1300017J02Rik;Ica,0.00000000,0.31885995,1.64701446
Ociad2,0.00000000,-0.47216162,1.64580418
Spg7,0.00000000,-0.35980114,1.64261255
Ugt3a1,0.00000000,0.47723489,1.63898177
Nudt19,0.00000000,-0.89925968,1.63819048
AK157302;Isca1,0.00000000,-0.45724288,1.63759794
Apob,0.00000000,4.85522289,1.63562722
Acad9,0.00000000,-0.19221449,1.63559183
Pmpcb,0.00000000,-0.11256600,1.63447015
Acot8,0.00000000,0.18308499,1.63445570
Ak3,0.00000000,0.25461615,1.63375516
Crot,0.00000000,-0.26969913,1.63305208
Mia3,0.00000000,3.94493750,1.62967459
Aldh18a1,0.00000000,2.25450469,1.62673392
Rmnd1,0.00000000,0.36806786,1.62433087
Ldhd,0.00000000,0.31771883,1.62010666
Dhtkd1,0.00000000,0.55378513,1.61772009
Atp5h;Gm10250,0.00000000,-0.25135651,1.61641931
Hax1,0.00000000,0.43433294,1.61609162
Mrpl28,0.00000000,0.56385520,1.61347600
Rpl9,0.00000000,0.27550136,1.61227247
Dbi,0.00000000,0.64465696,1.61109255
Uba52;Kxd1;Ubc;Ubb;Rps27a;Gm7808;Gm5239,0.00000000,0.69596880,1.60957076
Cyb5r1,0.00000000,0.63227349,1.60843569
Ass1;Gm5424,0.00000000,-0.44006953,1.60508430
Oxld1,0.00000000,-2.53351430,1.60243985
Vars2,0.00000000,-0.24578304,1.60195347
Nudt7,0.00000000,0.26073248,1.59958172
Cyp3a41a,1.00000000,-5.00000000,1.59717702
Rpl23a,0.00000000,0.42407533,1.59600975
Mtdh,0.00000000,-0.52333816,1.59071081
Dpm3,0.00000000,-1.17134980,1.58853971
Hagh,0.00000000,0.49761240,1.58069334
Dennd1b,1.00000000,1.74723896,1.57797990
Serpina3m,0.00000000,0.53534004,1.57583076
Mdh2,0.00000000,0.34276776,1.57511649
Tf,0.00000000,-1.36210823,1.57129370
Ndufb11,0.00000000,-0.25846032,1.56939478
Lars2,0.00000000,0.56383915,1.56902916
Aldh1a3,0.00000000,1.61575115,1.56508587
Rab7a,0.00000000,-0.32114256,1.56272513
Prodh2,0.00000000,-0.29499885,1.56028892
Acnat2,0.00000000,1.85029439,1.55976080
Sfxn5,0.00000000,0.28910928,1.55748741
Pex13,0.00000000,-0.32335871,1.55164026
Ndufab1,0.00000000,-0.76648599,1.54944943
Cyp2c69,1.00000000,5.00000000,1.54940343
Slc25a13,0.00000000,-0.36088261,1.54486309
Dcakd,0.00000000,-0.44706983,1.54410950
Pdia5,0.00000000,0.17111608,1.54291578
Ears2,0.00000000,0.34294742,1.54133570
Timm17b,0.00000000,0.39153119,1.53373649
Ccbl2,0.00000000,-2.50749781,1.53248089
Nudt2,0.00000000,-0.47151433,1.53037810
Farsa,0.00000000,1.68671570,1.52956733
Mcl1,0.00000000,-0.84461832,1.52914659
Sdhd,0.00000000,-1.62039223,1.52772010
,0.00000000,-0.68998763,1.52687134
Cers2,0.00000000,0.70538846,1.52098071
Mrpl38,0.00000000,-0.24117395,1.52056077
Sord,0.00000000,0.54004712,1.51967210
Timm17a,0.00000000,-0.34591665,1.51860677
Rhot1,0.00000000,-0.28468615,1.51846749
Elac2,0.00000000,0.59850357,1.51695979
Selk,0.00634740,2.73257008,1.51474257
BC089597,0.00000000,0.72506572,1.51262981
Mettl15,0.00000000,1.19857457,1.51260145
Cps1,0.00000000,-0.19052861,1.51247692
Gpx4,0.00000000,0.55977548,1.51002062
Aldh1b1,0.00000000,-0.49791653,1.50936345
Glyat,0.00176890,-1.14180795,1.50900343
Mul1,0.00000000,0.65703823,1.50824646
Mtrf1l,0.00000000,0.96755428,1.50793147
Gcdh,0.00000000,-0.24409851,1.50721423
Tdrkh,0.00000000,1.91090767,1.50705880
Ugt1a1,0.00000000,0.28975128,1.50645048
Plg,0.00000000,0.51784760,1.50503876
Ugt2b5;Ugt2b17,0.00000000,0.48229431,1.50440084
Emc8,0.00000000,0.69526505,1.50110918
Agps,0.00000000,2.59998558,1.49951554
Supv3l1,0.00000000,-0.34292761,1.49916889
Mar-01,0.00000000,-0.33594637,1.49465584
Dguok,0.00000000,-0.86448936,1.49380729
Pnpt1,0.00000000,-0.31987098,1.49378441
Fahd1,0.00000000,-0.40017296,1.49087647
Ehmt1,1.00000000,-1.66291034,1.48910453
Rdh7,0.00000000,0.50874690,1.48554992
Yars2,0.00000000,0.20024156,1.48440511
Nceh1,0.00000000,1.23623670,1.48158166
Sdhaf2,0.00000000,-0.48237837,1.48004239
Sod2,0.00000000,-0.46622071,1.47585685
Nomo1,0.00000000,0.37209398,1.47497834
Ndufa6,0.00000000,-0.52081558,1.47379628
Pex2,0.00000000,-0.84567613,1.47359946
Mrpl41;Gm6434,0.00000000,-0.29699765,1.46978833
Grpel1,0.00000000,-0.33143305,1.46745777
Agpat5,0.00000000,0.33604606,1.46598874
Usp30,0.00000000,0.71234522,1.46486905
Arl8a,0.00000000,0.87433690,1.46317792
Timm44,0.00000000,-0.27345928,1.45946926
Isca2,0.00000000,-0.50117978,1.45942545
Edaradd,1.00000000,-1.77725184,1.45868121
Mia3,0.00000000,4.58955598,1.45668393
Hspe1,0.00000000,-0.38629158,1.45652418
Ppia,0.00000000,-0.40857659,1.45135594
Slc25a22,0.00000000,-0.25208910,1.45069123
Tmem186,0.00000000,0.50056834,1.45050017
Hba-a2;Hba,0.00000000,0.36006484,1.44922338
,0.00000000,-0.30245093,1.44776076
Ndufs1,0.00000000,-0.34435770,1.44773076
,0.00000000,1.60832846,1.44600279
Rpl22,0.00000000,0.38800946,1.44253431
Dnajc4,0.00000000,1.96736354,1.44190604
Hp,0.00000000,0.71200006,1.44096812
Rps14,0.00000000,0.61092980,1.43707911
Gfm1,0.00000000,-0.28929516,1.43037636
Tor1a,0.00000000,1.09779183,1.42339487
Actbl2,1.00000000,3.03427341,1.42275919
Sigmar1,0.00000000,-1.09953788,1.42031812
Rps27l;Rps27,0.00000000,1.77241469,1.41708652
Gfm2,0.00000000,-0.33632432,1.41611633
Mettl7a1,0.00000000,-0.60391869,1.41602742
,0.00000000,-1.00298407,1.41356726
Prdm6,1.00000000,1.01895808,1.41219674
Tmem147,0.00000000,0.66969321,1.41052842
Pnma3,0.00521130,-2.35514913,1.41021004
Atpaf1,0.00000000,-0.96681621,1.40919719
Gm20498,0.00000000,-0.30707096,1.40683334
Mrps18b,0.00000000,0.61228303,1.39966252
Igtp;Irgm2,0.00000000,0.53641217,1.39917185
Arl6ip1,0.00000000,0.95739903,1.39872580
Dnajc15,0.00000000,-1.51369400,1.39156585
Galns,0.00000000,0.64631650,1.38659045
Vwa8,0.00000000,0.62407822,1.38631392
Cdh7,0.00843170,5.83433572,1.38458592
Mrpl18,0.00000000,0.35710263,1.38254877
Ndufs4,0.00000000,0.47460438,1.38247568
Saysd1,0.00000000,0.70157800,1.38144478
Ccdc90b,0.00000000,-0.38863884,1.38038446
Rpl18,0.00000000,0.62657333,1.38003992
Fam210b,0.00000000,-0.36638572,1.37545110
Abcd2,0.00000000,-3.07663320,1.37355986
Ufc1,0.00000000,0.74182608,1.37258463
Pgrmc2,0.00000000,-0.31129950,1.37236709
mt-Nd4l;Mtnd4l,0.00000000,1.50918888,1.36998743
,0.00000000,-0.73696384,1.36833907
Tomm20,0.00000000,0.35429288,1.36745199
Apom,0.00000000,0.68155317,1.36654119
Gosr2,0.00737800,-1.31795090,1.36616738
Cyp3a13,0.00000000,0.44685662,1.36419502
Sdha,0.00000000,-0.43380099,1.36340430
Sema7a,0.00682590,-0.54291639,1.36234231
Glod4,0.00000000,-0.39429940,1.36181784
Ndufs2,0.00000000,-0.21612054,1.36159220
Eif3f,0.00000000,-1.04478670,1.36004711
Fga,0.00000000,-0.44336757,1.35730633
Ckmt2,0.00000000,9.84284030,1.35519198
Dcxr,0.00000000,5.00000000,1.35475130
Capzb,0.00000000,5.00000000,1.35475130
Mga,1.00000000,-5.00000000,1.35475130
Olfr1151;Olfr1138;Olfr1080;Olfr1084,0.00233510,-5.00000000,1.35475130
Chchd7,0.00846980,-5.00000000,1.35475130
Cfb;Gm20547,0.00000000,-5.00000000,1.35475130
Col6a3,0.00000000,-5.00000000,1.35475130
Aktip,1.00000000,-5.00000000,1.35475130
Ankrd36,1.00000000,-5.00000000,1.35475130
Adck3,1.00000000,-5.00000000,1.35475130
Gm4450,0.00000000,5.00000000,1.35475130
Spata31d1d,1.00000000,-5.00000000,1.35475130
Ppp2r2d,1.00000000,5.00000000,1.35475130
Lamtor5,0.00844120,-5.00000000,1.35475130
Agpat1,0.00000000,-5.00000000,1.35475130
Sdr42e1,0.00847940,5.00000000,1.35475130
Itih2,0.00000000,5.00000000,1.35475130
Myh14,1.00000000,-5.00000000,1.35475130
Mup7,0.00059666,-5.00000000,1.35475130
Fabp4,0.00000000,5.00000000,1.35475130
Itgb1,0.00000000,-5.00000000,1.35475130
Cyp2a4,1.00000000,5.00000000,1.35475130
Rab6a,1.00000000,5.00000000,1.35475130
Fpgs,0.00000000,5.00000000,1.35475130
Atp6v1a,0.00000000,5.00000000,1.35475130
Fabp2,0.00000000,5.00000000,1.35475130
Ube2g2,0.00000000,5.00000000,1.35475130
Dynll2;Dynll1,0.00000000,5.00000000,1.35475130
Kcnj3,0.00843640,5.00000000,1.35475130
Tubb4a;Tubb4b,0.00793650,-5.00000000,1.35475130
Vamp7,0.00000000,-5.00000000,1.35475130
Hgsnat,0.00000000,-5.00000000,1.35475130
Slc25a11,1.00000000,5.00000000,1.35475130
Slc25a26,0.00000000,5.00000000,1.35475130
Mff,1.00000000,5.00000000,1.35475130
Rhbdd1,0.00000000,-5.00000000,1.35475130
Bmp3,0.00234190,-5.00000000,1.35475130
Med12l,1.00000000,5.00000000,1.35475130
Acn9,0.00000000,5.00000000,1.35475130
Slc25a48,0.00000000,-5.00000000,1.35475130
,1.00000000,5.00000000,1.35475130
,1.00000000,5.00000000,1.35475130
Ccdc115,0.00059595,-5.00000000,1.35475130
Snx4,0.00738640,5.00000000,1.35475130
Hagh,0.00000000,5.00000000,1.35475130
Epdr1,0.00234330,5.00000000,1.35475130
Sucnr1,0.00291210,5.00000000,1.35475130
Cnih4,1.00000000,5.00000000,1.35475130
Ndufv2,1.00000000,-5.00000000,1.35475130
Mcemp1,0.00792300,-5.00000000,1.35475130
Cnn3,0.00000000,5.00000000,1.35475130
Dhdh,0.00000000,5.00000000,1.35475130
Slc15a1,1.00000000,-5.00000000,1.35475130
Amacr,0.00000000,-0.13859170,1.34891069
Paqr9,0.00000000,0.26811855,1.34806571
Etfa,0.00000000,-0.28232050,1.34310591
Crls1,0.00000000,1.44142030,1.33641319
Cbr4,0.00000000,-0.42125194,1.33636119
Lamtor1,0.00000000,-0.76132153,1.33328467
Mcat,0.00000000,0.69797255,1.32904926
Hist1h2br;Hist1h2bp;Hist1h2bk;Hist1h2bc;Hist2h2bb;Hist1h2bh;Hist1h2bb;Hist1h2bm;Hist1h2bf;Hist3h2ba;Hist3h2bb;Hist2h2be;Hist1h2ba,0.00000000,-1.42307947,1.32365526
Mtfr1l,0.00000000,0.28407777,1.32301682
Ndufs6,0.00000000,-0.22660906,1.31848435
Tmem254b;Tmem254,0.00059312,0.41679532,1.31727993
Hmgcl,0.00000000,-0.37979436,1.31623643
Hexa,0.00059559,-0.67496736,1.31360728
Grhpr,0.00000000,0.14758920,1.31284786
Mrpl4,0.00000000,-0.49986835,1.31179783
Adtrp,0.00792750,1.13498055,1.31085133
Pitrm1,0.00000000,-0.46822013,1.30993068
Timm13,0.00000000,0.20427745,1.30890138
Nit2,0.00000000,-0.31999895,1.30835844
Atp6v0d1,0.00000000,0.64508950,1.30561022
Dhcr24,0.00000000,0.42442921,1.30287440
Akr1c6,0.00000000,0.45439238,1.30221153
Gm9867,0.00627850,-1.16814475,1.30125704
Arpc4,0.00000000,0.97759814,1.29994053
Pdss2,0.00000000,1.25945805,1.29887274
Derl1,0.00000000,-0.37806824,1.29842769
Gba,0.00000000,-0.83717993,1.29738521
Gm28046,0.00000000,-0.41688958,1.29691123
Tecr,0.00000000,0.58965159,1.29670129
Hars2,0.00000000,0.22047642,1.29195227
Prdx4,0.00000000,0.74221540,1.29148392
Slc25a17,0.00000000,0.84082532,1.28912126
Smim8,0.00000000,-0.34933567,1.28639905
Fkbp8,0.00000000,0.27942434,1.28584354
Mrps36,0.00000000,-0.35511555,1.28549210
Sdf2,0.00000000,0.84175952,1.28285253
Aldh5a1,0.00000000,-0.16172483,1.28268769
Pygl,0.00000000,1.78427938,1.27887030
Idh3g,0.00000000,0.27721686,1.27613241
Mrpl17,0.00000000,0.25075997,1.27375119
Cyp2c37,0.00000000,0.30885404,1.27349348
Sco2,0.00000000,0.68461043,1.27339194
Isoc2a,0.00000000,-0.44916598,1.27083295
Dnlz,0.00000000,-0.85414717,1.26385790
Ugt2b36,0.00000000,0.36932302,1.26333086
Fam136a,0.00000000,0.56847179,1.26323780
Maoa,0.00000000,-0.16398952,1.26243277
Ctsl,0.00000000,-0.69241236,1.26229483
Spr,0.00000000,-0.50164547,1.26105049
mt-Co2;Mtco2,0.00000000,-0.38277965,1.26040072
Uqcr11,0.00000000,-0.65558277,1.25987942
Stim1,0.00000000,-1.12184683,1.25860490
Rps8,0.00000000,2.20364753,1.25770261
Npc2,0.00000000,0.54577118,1.25756970
Cyp3a25;Cyp3a59,0.00000000,0.50787780,1.25634851
Mrps33,0.00000000,-0.71980136,1.25544549
Ergic1,0.00000000,-0.23870501,1.25527260
Ugdh,0.00000000,1.74154463,1.25213060
Uroc1,0.00000000,-1.52773576,1.24756099
Eci1,0.00000000,0.27377947,1.24395343
Mrps14,0.00000000,0.37365865,1.24350133
Npepps,0.00000000,0.45884932,1.24099513
Pmpca,0.00000000,-0.16475595,1.23531495
Adprm,1.00000000,0.35496459,1.23340734
Atl2,0.00000000,0.43053187,1.23182963
Pcmt1,0.00000000,-0.21483752,1.23019677
Dak,0.00348840,0.46070921,1.23005348
Sqrdl,0.00000000,-0.12437996,1.22972757
Stx5a;Stx5,0.00000000,-1.35611753,1.22921339
Chchd1,0.00000000,-0.58519623,1.22625184
Syne1,0.00234060,1.03797554,1.22301867
Ndufa13,0.00000000,-0.26803608,1.22284081
Timm8a1,0.00000000,0.31212077,1.22276469
Ttc3,0.00952910,1.17813545,1.22196381
Elovl5,0.00844590,1.12107619,1.22113091
Hyou1,0.00000000,0.27621186,1.22070036
Abcd3,0.00000000,-0.50530049,1.22037395
Hspd1,0.00000000,-0.19333280,1.21727585
Clpx,0.00000000,-1.37554500,1.21700466
Mrps30,0.00000000,-0.20573292,1.21699381
Rab10,0.00000000,-0.47846378,1.21483636
Tamm41,0.00000000,0.29342656,1.21473915
Cyp2d9,0.00000000,-0.25021129,1.21302791
Txn2,0.00000000,-0.26180750,1.21131698
Rhot1,0.00521740,-0.86376488,1.21078584
Ctsz,0.00000000,0.60855103,1.20991571
Acot1,0.00000000,-0.74580814,1.20914533
Slc25a12,0.00000000,-0.40712525,1.20483245
Cyp2d26,0.00000000,0.29927732,1.20469385
Bad,0.00000000,0.87976532,1.20246736
Bpifb2,0.00947600,-0.51376606,1.20060431
Ndufa4,0.00000000,0.50645023,1.20018274
Rhot2;Gm20683,0.00000000,-0.23565113,1.19915364
Rpl4,0.00000000,0.46412834,1.19862542
Bphl,0.00000000,0.19195906,1.19825963
Acot3;Acot5,0.00000000,-0.70089884,1.19655325
Rpl36a,0.00000000,-0.29802073,1.19577555
Prdx6,0.00848420,-2.68368505,1.19430740
Acad12,0.00000000,0.47864669,1.19350248
Haao,0.00000000,-0.92430049,1.19291224
Atp5e,0.00000000,-0.39663393,1.19270458
Acsl5,0.00000000,-0.44898589,1.18715450
Polrmt,0.00000000,0.18256019,1.18446823
Cyp51a1,0.00000000,0.33724466,1.18084526
,0.00000000,-0.49808610,1.18069070
Ero1lb,0.00000000,0.20032748,1.17911230
Rpl27a,0.00000000,0.90085056,1.17827107
Mrpl14,0.00000000,-0.68599809,1.17581723
Endog,0.00000000,0.84062766,1.17299828
Ndufb4,0.00000000,0.22016724,1.17202118
Serpinh1,0.00000000,0.62235218,1.17122712
Lactb,0.00000000,0.18698549,1.16549269
Tomm5,0.00950780,-1.85006273,1.15967789
Myl12a,0.00000000,1.37142894,1.15664269
Kctd18,1.00000000,-1.25312139,1.15557858
Emc3,0.00000000,0.72588055,1.15338392
Vnn1,0.00000000,-0.76925461,1.15216136
Skp1,0.00000000,1.45565900,1.15145752
Nsun4,0.00000000,-0.61239902,1.15026465
Ndufa10,0.00000000,-0.23826288,1.14073315
Mtg1,0.00000000,-0.61611760,1.13852812
Pemt,0.00000000,1.58094688,1.13791571
Txnrd3,0.00000000,-0.97739543,1.13388962
C8a,0.00000000,0.79075796,1.13159376
Naga,0.00000000,-0.51628736,1.12790795
Mrpl45,0.00000000,0.54437198,1.12787911
Pex12,0.00000000,0.50587258,1.12649496
Fabp5,0.00000000,-1.58661482,1.12482164
Fam213a,0.00000000,-0.46358830,1.12264558
Ehd1;Ehd3,0.00000000,-0.75565928,1.12100306
C6,0.00000000,0.73085748,1.11920199
Mrpl9,0.00000000,-0.39270878,1.11716953
Acsf2,0.00000000,-0.12930500,1.11696940
Manba,0.00000000,-1.42278689,1.11604299
Nars2,0.00000000,0.29688761,1.11485551
Gm2a,0.00000000,-0.54523503,1.11251523
Aadat,0.00000000,0.30563264,1.10904594
Lyz2,0.00235020,1.21825666,1.10795211
Cyp4f14,0.00000000,-0.29837107,1.10787543
Tmem214,0.00000000,0.22867903,1.10623032
Fdps,0.00000000,-0.35216406,1.10529072
Mpv17l2,0.00000000,0.52039139,1.10523529
Atox1,0.00000000,-1.21604428,1.10434887
Hmox1,0.00177100,2.64094980,1.10427058
Gpd1l,0.00000000,0.20813296,1.10407120
Fkbp11,0.00000000,0.36568966,1.10341034
Dpm1,0.00000000,1.09474439,1.09896666
Qrsl1,0.00000000,-0.30128708,1.09551323
Hsd17b13,0.00000000,-0.33677645,1.09539035
Gm12800,1.00000000,-2.54987813,1.09486650
Serpina1b,0.00000000,-0.44262942,1.09370461
Atp5o,0.00000000,-0.31719554,1.09076977
Hspa1l,0.00000000,2.01923610,1.08627861
Tmed3,0.00519930,1.72148074,1.08551617
Galnt13,1.00000000,1.19080308,1.08150120
Ephx1,0.00000000,0.36703331,1.07925620
Rpl24,0.00000000,0.42502993,1.07886368
Cox18,0.00000000,-0.64202298,1.07830151
Cyp2f2,0.00000000,0.29801177,1.07715970
Acsf3,0.00000000,-0.21623911,1.07430001
Pon3,0.00000000,0.20394597,1.07193652
Mfn1,0.00000000,-0.28146323,1.07157698
Lrpap1,0.00176990,0.38852315,1.06792542
Hspd1,0.00000000,-0.66076874,1.06690176
Mgst3,0.00000000,-0.53770808,1.06574984
Mup1;Mup15,0.00000000,1.45702676,1.06574205
Mrps9,0.00000000,0.28623503,1.06464550
Coq5,0.00000000,0.60470156,1.06463598
Cml5,0.00000000,0.57253374,1.06313142
Ufl1,0.00000000,0.82534771,1.06198168
2310009B15Rik,0.00000000,-0.58361954,1.06018773
Bcap29,0.00000000,1.55150249,1.05853518
Ctss,0.00176680,1.47243857,1.05851525
Ndufb9,0.00000000,-0.44300073,1.05060053
Rab18,0.00000000,-0.27342791,1.05012684
Dut,0.00000000,0.75109973,1.04974909
Aldh7a1,0.00000000,-0.13635330,1.04874461
Abhd3,0.00000000,0.53031948,1.04769134
Ndufaf7,0.00000000,-0.15016711,1.04690776
Mrpl13,0.00000000,0.30868247,1.04596952
Coa7,0.00000000,-0.41306568,1.04560138
Fitm2,0.00000000,0.83685019,1.04469698
Samm50,0.00000000,-0.24554915,1.04384383
Slc25a21,0.00000000,-0.31518637,1.03851250
Kdelr1;Kdelr2,0.00000000,-0.88441732,1.03795347
Pnpla8,0.00000000,-0.22432912,1.03747082
Abcb10,0.00000000,-0.17759848,1.03278353
Sgsh,0.00626780,0.91355225,1.03224093
Sfxn3,0.00000000,0.26707020,1.02887631
Sec62,0.00235160,0.74070017,1.02857392
Ttr,0.00000000,-1.01650783,1.02792318
Pdpr,0.00177200,-0.94392382,1.02752315
Clpp,0.00000000,-0.48622133,1.02355240
Rpl7,0.00000000,-0.16462847,1.02231305
,0.00000000,-0.43381154,1.02214773
Ndufb8,0.00000000,0.47184109,1.02214500
Tmem14c,0.00000000,-0.29077217,1.02051367
Cfl1,0.00000000,1.04967647,1.01839892
Dhx30,0.00000000,-0.22949676,1.01619603
Ebp,0.00000000,0.34974291,1.01568561
Atp13a4,0.00633280,-0.96508051,1.01348735
Rps2;Gm8225;Gm5786;Gm6576;Gm18025,0.00793200,0.92441144,1.01311207
mt-Nd4;Mtnd4,0.00000000,-0.42794241,1.01257286
Cox6c,0.00000000,-0.36112329,1.01228716
Ndufaf3,0.00000000,-0.38605302,1.01148435
Gatm,0.00000000,0.48089465,1.01095233
Ndufaf4,0.00000000,-0.15526537,1.00663046
Farsb,0.00682980,-0.76357647,1.00643287
Ipo5,0.00000000,0.66929215,1.00553385
Cyp2c29,0.00000000,0.15130279,1.00527065
Rps15,0.00000000,0.49787038,1.00430630
Snd1,0.00000000,1.55629620,1.00376493
Erp29,0.00000000,0.42333961,1.00073093
Pex10,0.00000000,0.22467236,0.99655401
Cnpy3,0.00059418,-1.12382902,0.98979655
Mrpl43,0.00000000,0.29626963,0.98911214
Nipsnap1,0.00000000,0.36316036,0.98827751
Hao1,0.00000000,-0.22428335,0.98087576
Slc25a51,0.00000000,0.42705323,0.98052000
Rdh11,0.00000000,-0.22552553,0.97628539
Nif3l1,0.00000000,0.67650786,0.97586509
Cox7a2l,0.00000000,0.22846692,0.97539513
FRRS1,0.00000000,-2.05578743,0.97522197
Hmgxb4,1.00000000,-2.05233052,0.97428835
Ndufs8,0.00000000,-0.29858278,0.97330919
Tomm22,0.00000000,0.51514167,0.97188202
Alg5,0.00000000,-0.70604880,0.96947878
9030617O03Rik,0.00000000,-0.19939931,0.96932404
Hrsp12,0.00000000,-0.37654889,0.96882105
Mocs1,0.00000000,-0.13225295,0.96862736
Acy1,0.00845550,-0.62367519,0.96726193
Emc2,0.00000000,0.25684259,0.96687857
Immt,1.00000000,1.55351406,0.95912357
Slc25a40,0.00000000,-0.54266517,0.95818164
Uggt1,0.00000000,1.19842284,0.95687286
Cyp2a12,0.00000000,0.25003825,0.95370265
Atp5b,0.00000000,-0.14941618,0.95243344
Aadac,0.00000000,0.14961735,0.95077674
Pck2,0.00000000,-0.38832786,0.94886820
Shmt2,0.00000000,-0.12144331,0.94293601
Btd,1.00000000,-1.04638450,0.94058162
Plbd2,0.00000000,-0.67275226,0.93931169
Abcd1,0.00000000,-0.31287166,0.93921655
Myl12b;Myl9,0.00000000,-0.20754838,0.93881535
,0.00000000,-0.24815546,0.93748585
Rab9a;Rab9,0.00000000,-0.23553964,0.93533470
Atp5j2,0.00000000,-0.25879820,0.93487656
Mrs2,0.00000000,-1.06202436,0.93475796
Hsd11b1,0.00000000,-0.22796522,0.93412947
Nme4,0.00954520,1.90481551,0.93226005
Sucla2,0.00000000,-0.07446280,0.92775380
Cyp2e1,0.00000000,0.25431035,0.92725392
Rab14,0.00000000,-0.34620547,0.92724590
Armc1,0.00000000,0.17232112,0.92689358
Cebpzos,0.00000000,-0.68765492,0.92629019
Gm5093,0.00000000,1.35537305,0.92598640
Ctsc,0.00000000,-0.33042339,0.92551840
Rpl18a;Gm17541,0.00000000,0.46299432,0.92284777
Tmlhe,0.00000000,-0.52237136,0.92232960
Echdc1,0.00000000,-0.16954846,0.91932903
Acox3,0.00000000,0.31371878,0.91857639
Lipa,0.00000000,-0.50688817,0.91748261
Sec22b,0.00000000,0.29026992,0.91661366
Atp11c,0.00000000,0.42045999,0.91527012
Tomm6,0.00000000,-0.51448580,0.91431124
Fdft1,0.00000000,1.06464024,0.91349661
Slc25a35,0.00000000,0.81515093,0.91266468
Mrpl49,0.00000000,-0.18988093,0.91258098
Aldh1b1,0.00000000,0.47941485,0.91173363
Suox,0.00000000,0.23322626,0.91157660
Arl8b,0.00000000,0.61298688,0.90944791
Ndufaf6,0.00000000,0.32818341,0.90927335
Pdhx,0.00000000,0.18427080,0.90720012
Tmem160,0.00000000,-0.34084494,0.90576905
Ide,0.00000000,-0.36718530,0.90493548
Mtif2,0.00000000,-0.22309421,0.90408219
Cat,0.00000000,0.11727766,0.90363607
Rps26,0.00522040,0.49441545,0.90176245
Tmtc3,0.00000000,0.84129751,0.90063919
Tomm40,0.00000000,-0.24473198,0.90051190
Chchd10,0.00000000,1.00510413,0.89899381
Paics,0.00000000,0.34435281,0.89818050
Msra,0.00000000,-0.40284954,0.89801440
Tmem56,0.00000000,-0.41399116,0.89527366
Ssr4,0.00000000,0.21951302,0.89242099
Acsl4,0.00000000,-0.20622922,0.89195030
Sirt4,0.00000000,-1.18518989,0.89048319
Scarb2,0.00000000,-0.41282097,0.88958394
Fah,0.00000000,0.61776586,0.88910483
Auh,0.00000000,0.15710239,0.88528417
Derl2,0.00630730,-0.61514429,0.88479942
Mmp12,1.00000000,1.75349032,0.88443656
Cpox,0.00000000,0.21945785,0.88100974
Ctsd,0.00000000,-0.30298862,0.87489614
Lipt2,0.00000000,-0.83082595,0.87352455
Tstd1,0.00000000,-0.92745644,0.87192745
Rnaset2,0.00000000,-1.05897322,0.87150544
Nadk2,0.00000000,0.62268808,0.87051633
Prosc,0.00000000,-0.30825490,0.86990009
Tmem208,0.00000000,1.70860895,0.86927863
Iba57,0.00000000,-0.14042126,0.86911416
Rap1b,0.00000000,-0.30565148,0.86663645
Eno1,0.00000000,-0.37200877,0.86645656
Smim12,0.00000000,-0.35370458,0.86645236
Cyb5a,0.00000000,0.19244217,0.86409322
Ndufs7,0.00000000,-0.16498418,0.86181990
Ddt;Gm20441,0.00000000,-1.01453617,0.85962290
Mrpl33,0.00000000,0.58541407,0.85951077
Csl,1.00000000,0.68609030,0.85911791
Mmgt1,0.00000000,-1.14081788,0.85755494
Acaa1a,0.00000000,0.10898134,0.85492385
Apoh,0.00000000,-1.03023078,0.85184237
Rab6a;Rab6b,0.00000000,-0.40385942,0.85174826
Iah1,0.00000000,0.52770082,0.85101197
Cept1,0.00000000,-0.34019771,0.84998926
Cyb5b,0.00000000,0.17354680,0.84986206
Chdh,0.00000000,-0.07670250,0.84922308
Mar-05,0.00000000,-0.49666422,0.84754982
Aga,0.00000000,-0.29368878,0.84672176
Jagn1,0.00000000,0.62453825,0.84620313
Arf1;Arf3;Arf2,0.00000000,0.62790748,0.84294517
Sdhc,0.00000000,-0.60279055,0.84085022
Pfn1,0.00000000,-1.17542228,0.83857510
Zw10,1.00000000,0.97102610,0.83636780
Gm17669;Gm3550;Gm10709;Rpl29;Gm5218,0.00000000,0.59808151,0.83566605
Alb,0.00000000,-0.37170813,0.83155352
Rps28,0.00000000,1.60013406,0.83071601
Nudt8,0.00000000,0.29351310,0.82995802
Ugt1a5;Ugt1a2,0.00000000,-0.26182751,0.82909064
Ndufb3,0.00000000,-0.15117590,0.82712244
Mettl20,0.00000000,-1.13083975,0.82688582
Slc25a15,0.00000000,0.30216490,0.82423939
Rdh9,0.00000000,0.76995927,0.82253112
Ptrh2,0.00000000,-0.18470878,0.82004555
Cox16,0.00000000,-0.32905019,0.81837227
Atpif1,0.00000000,0.43363064,0.81736782
Mrpl46,0.00000000,-0.18033710,0.81605266
Telo2,1.00000000,-0.56799234,0.81573358
Bnip3,0.00000000,-0.24336796,0.81426776
Serhl,0.00000000,0.54886527,0.81411684
Flad1,0.00000000,-0.28254731,0.81152837
Clpb,0.00000000,0.17019732,0.81151394
Ces1d,0.00000000,-0.16133937,0.80790149
Smg1,1.00000000,0.70231353,0.80780795
B2m,0.00794100,0.76153810,0.80780162
Mff,0.00000000,-0.24570483,0.80712723
Rps3,0.00000000,0.34849126,0.80695514
Decr1,0.00000000,-0.31547642,0.80363350
Mmab,0.00000000,0.28296717,0.80018540
Atp5l,0.00000000,-0.28249413,0.79734402
Tmed4,0.00000000,0.47111871,0.79509525
Ube2l3,0.00000000,0.91830941,0.79374613
Pgls,0.00000000,-0.51907046,0.79295472
Chp1,0.00000000,-0.20277482,0.79188076
Mrpl39,0.00000000,-0.15844355,0.79045272
Higd1a,0.00000000,-0.20058355,0.78949091
Uqcrc1,0.00000000,-0.09367331,0.78934747
Isoc2b,0.00000000,-0.44540956,0.78535129
Fundc1,0.00000000,-0.48656633,0.78486023
Ca3,0.00000000,0.54435071,0.78431179
Pptc7,0.00000000,0.36578707,0.78413774
Lonp1,0.00000000,0.13158924,0.78203899
Mterf2,0.00000000,-0.58000494,0.78184553
Abhd16a,0.00000000,0.16840720,0.78156213
Gulo,0.00000000,-0.31315445,0.78050572
Mup20,0.00000000,0.25861777,0.78047630
Rpl36,0.00000000,-1.09009780,0.77982099
Mmaa,0.00000000,0.20239498,0.77876063
Mrpl30,0.00000000,0.84550052,0.77662448
Sugct,0.00000000,-0.27779248,0.77505884
Bola1,0.00000000,-0.17068077,0.77439229
Mrps7,0.00000000,-0.26900613,0.77350045
Dnajc28,0.00000000,0.29408280,0.77270545
Timm8b,0.00000000,0.15436425,0.76994016
Hsd17b7,0.00000000,0.26620964,0.76774842
Rab21,0.00000000,0.47584810,0.76604799
Dhodh,0.00000000,-0.16091833,0.76286748
Mrps31,0.00000000,0.25995016,0.76138194
Cpt2,0.00000000,-0.16508894,0.75889622
Opa3,0.00000000,0.33003475,0.75798127
Lias,0.00000000,-0.17073200,0.75571782
Mtfp1,0.00000000,0.37863007,0.75383985
Mrps16,0.00000000,-0.26223285,0.75243522
Aco2,0.00000000,0.19598189,0.75066675
Aifm1,0.00000000,-0.15041461,0.74878483
Ppox,0.00000000,-0.16369827,0.74847880
Gaa,0.00000000,-0.38179942,0.74824559
Polr2a,1.00000000,0.92961703,0.74761334
Hspa13,0.00000000,-0.27589229,0.74703658
Mrps26,0.00000000,0.29900059,0.74640960
Mtrf1,0.00000000,-0.85640656,0.74237579
Colgalt1,0.00059453,0.29222151,0.74110816
Fxn,0.00000000,-0.31780771,0.73805330
Exog,0.00000000,0.28811236,0.73533125
Ces1c;Ces1b,0.00000000,-0.39041863,0.73369830
Prdx5,0.00000000,-0.27573169,0.73241163
Rmdn2,0.00000000,-0.15666657,0.73237396
Oat,0.00000000,0.17878279,0.73150626
Abcb6,0.00000000,0.36323723,0.73125645
Coq6,0.00000000,-0.20310311,0.73072872
Pex11a,0.00000000,-0.29382787,0.72785904
Tmed2,0.00000000,0.28098511,0.72475903
Ganab,0.00000000,0.24031591,0.72471657
Prdx2,0.00000000,0.42790493,0.72146319
Uqcrb,0.00000000,-0.18263730,0.71930522
Gm10108;Cycs,0.00000000,-0.21141798,0.71822715
Ces1f,0.00000000,-0.13763633,0.71816939
Usmg5,0.00000000,-0.27486300,0.71534491
Plbd1,0.00000000,0.39385610,0.71314165
Atp13a1,0.00000000,-0.46221094,0.71073011
Myo19,0.00000000,-0.26452527,0.71045082
Atad3,0.00000000,-0.21607030,0.71022499
Plcb1,0.00406270,-0.53889989,0.70930059
Gm9493;Rps7,0.00000000,0.23658707,0.70847231
Ppt1,0.00000000,-0.33499296,0.70686768
Ddx3y;D1Pas1;Ddx3x,0.00948130,-0.37959347,0.70558098
Tm7sf2,0.00000000,0.19448932,0.70408092
Pla2g12b,0.00000000,0.17364154,0.70304009
Cox7a2,0.00000000,0.43163893,0.70046457
Cyp3a16,0.00846500,-0.84019983,0.69964029
D17Wsu104e,0.00000000,-0.41724249,0.69940552
Pafah2,0.00000000,-0.20209234,0.69787714
Scpep1,0.00000000,-0.43616599,0.69725697
Nhlrc3,0.00000000,-0.56990675,0.69578103
Opa1,0.00000000,0.16435878,0.69523900
Ctsb,0.00000000,0.37069947,0.69514578
Fam173b,0.00000000,-0.32866106,0.69387673
Nudt13,0.00000000,-0.58441179,0.69196743
Ssbp1,0.00000000,-0.35369447,0.69186063
Esd,0.00000000,-0.40822916,0.68986366
Faf2,0.00000000,0.13249769,0.68965777
Rab11b;Rab11a,0.00000000,-0.24790219,0.68768738
Slirp,0.00000000,0.26854421,0.68718596
Emc6,0.00000000,-0.79719221,0.68693167
Dld,0.00000000,-0.11531438,0.68626907
Mrpl47,0.00000000,-0.30944540,0.68584669
Timm10,0.00000000,-0.37626519,0.68576201
Pon2,0.00000000,0.36506317,0.68238027
Cdc42,0.00000000,-0.29335631,0.68221125
Ufm1,0.00000000,0.73251637,0.67911917
Hint2,0.00000000,-0.21908972,0.67899219
Cmbl,0.00000000,0.40650920,0.66854005
Cyp2c67,0.00000000,-0.18968064,0.66499927
Bpnt1,0.00000000,-0.19679521,0.66134790
Fdx1l,0.00000000,-0.25004839,0.66079170
Tefm,0.00000000,0.12217326,0.66048533
Gpx1,0.00000000,-0.15216823,0.65853142
Bet1,0.00000000,0.54250558,0.65715840
Adck1,0.00000000,0.38441224,0.65514831
Rpl14,0.00000000,0.42571169,0.65446907
Hdhd2;Ier3ip1;Gm10784,0.00000000,-0.68127044,0.65444927
Pa2g4,0.00000000,0.71112715,0.65385675
Aspdh,0.00000000,0.28925725,0.65368362
Txndc15,0.00630010,0.76503475,0.65126972
Abhd6,0.00000000,0.08994479,0.65042676
Acp6,0.00000000,-0.46594846,0.64954220
Lman1,0.00000000,0.18043878,0.64911640
Rpl3,0.00000000,-0.27163535,0.64788921
,0.00000000,1.09636013,0.64627019
Oxsm,0.00000000,-0.13139447,0.64391743
Hdhd3,0.00000000,0.20973796,0.64333309
Mgst1,0.00000000,-0.26718141,0.64098135
Tmx2,0.00000000,-0.31398796,0.64078607
Rpn2,0.00000000,0.09903514,0.63844401
Acnat1,0.00000000,0.11809913,0.63824685
Tmem223,0.00000000,0.47928375,0.63524457
Rps17,0.00000000,0.27502785,0.63457531
Phb2,0.00000000,-0.16483037,0.63446941
Uqcc2,0.00000000,-0.32188497,0.63170428
Slc30a9,0.00000000,-0.12247411,0.63148952
Htatip2,0.00000000,0.28146072,0.63105307
Mug1,0.00000000,0.44532198,0.62920689
Fars2,0.00000000,-0.09277697,0.62809105
Fastkd2,0.00000000,0.16965279,0.62579003
Pin4,0.00000000,0.28000810,0.62329255
Mtx1,0.00000000,-0.19365216,0.62131795
Mpv17,0.00000000,0.15927932,0.61990983
Rpusd3,0.00000000,0.16633148,0.61855317
Nfs1,0.00000000,-0.10685601,0.61835907
Cyp2d10,0.00000000,0.19433005,0.61789295
Adh1,0.00000000,0.31377940,0.61741304
Cyp2c54,0.00000000,0.18227799,0.61312373
Pccb,0.00000000,0.09624223,0.61279363
Hsd3b3,0.00000000,0.09933785,0.60965893
Slc25a4,0.00000000,0.50875012,0.60681396
Atp6v1g1,0.00000000,1.08073213,0.60611316
Rpl35a,0.00000000,-0.43459176,0.60585305
Cox6b1,0.00000000,-0.11902221,0.60487010
Vwa8,0.00949190,0.47246716,0.60349339
Fam162a,0.00000000,-0.28497086,0.59803040
Atp5g1;Atp5g3;Atp5g2,0.00000000,-0.49537327,0.59635699
Phb,0.00000000,-0.12894924,0.59620783
Mrpl53,0.00000000,0.32371968,0.59574070
Eef1a1;Eef1a2,0.00000000,-0.20354139,0.59555167
Acp5,0.00000000,-0.25405035,0.59401834
Pdha1,0.00000000,-0.09492918,0.59374655
Coq10a,0.00000000,0.18070612,0.59345587
Acta1;Actc1;Actg2;Acta2,1.00000000,-0.70449637,0.59330070
Abca7,0.00949720,0.27862825,0.58957743
Rab32,0.00000000,0.15968034,0.58946033
Hmgcs2,0.00000000,-0.06114197,0.58928815
Arf6,0.00000000,-0.40615693,0.58895946
Tmem65,0.00000000,0.51289083,0.58804765
Ndufb6,0.00000000,-0.09297283,0.58779842
Akr7a2,0.00000000,-0.12409488,0.58706419
Man2b2,0.00000000,-0.31287418,0.58488447
Ccs,0.00000000,0.29439685,0.58346246
Fdx1,0.00000000,0.18165870,0.58342342
Ndufaf5,0.00000000,-0.12854483,0.58274285
Vtn,0.00000000,0.36454396,0.58266781
Ehhadh,0.00000000,-0.18776305,0.58221651
Ict1,0.00000000,-0.17152765,0.58021474
Mrpl55,0.00000000,-0.18912055,0.58015358
Nudt12,0.00000000,0.25910969,0.58015023
Txndc12,0.00000000,0.34527684,0.57801187
Dstn,0.00000000,-0.65808717,0.57682687
Sod1,0.00000000,0.13207904,0.57681505
Sdhb,0.00000000,-0.18358065,0.57593392
Cmpk1,0.00000000,-0.33469894,0.57377795
Tmed9,0.00000000,0.30942713,0.57301854
Iars2,0.00000000,-0.13055797,0.57289987
Ndufv1,0.00000000,0.07778701,0.57113528
Cnpy2,0.00000000,-0.21305267,0.57083398
Qil1,0.00000000,-0.25628880,0.57069912
Gc,0.00000000,0.12791813,0.56498231
Gpld1,0.00000000,-0.46214176,0.56388343
Ambp,0.00628210,0.46982781,0.56317611
Uox,0.00000000,-0.14820680,0.56033530
Idh1,0.00000000,-0.13872697,0.55960530
Ces1,0.00000000,-0.14445386,0.55941205
Cox11,0.00000000,-0.30200630,0.55916433
Mrps15,0.00000000,-0.11816855,0.55620857
Dnajc19,0.00000000,0.31419437,0.55604181
Hk1,0.00000000,0.61942912,0.55530154
Msrb2,0.00000000,-0.30700146,0.55505120
Taco1,0.00000000,-0.13362915,0.55437036
Ugt1a6,0.00000000,-0.24858520,0.55420735
Mrpl32,0.00000000,-0.21347502,0.55312690
Ndufs5,0.00000000,-0.32840689,0.55133581
Chchd5,0.00947080,-0.96693889,0.54818506
Rdx;Msn;Ezr,0.00000000,0.56654193,0.54693103
Rpl32,0.00000000,0.32440411,0.54527719
Xpnpep3,0.00000000,-0.06539056,0.54515265
Timm10b,0.00000000,0.26204468,0.54376916
Dpp7,0.00000000,-0.37386270,0.53685284
Phyhd1,0.00000000,-0.94527602,0.53683678
Sdr39u1,0.00000000,-0.16771293,0.53483937
Tap1,0.00000000,0.93934816,0.53371438
Adck5,0.00000000,-0.09772671,0.53303351
Hist1h3b,0.00000000,-0.33570133,0.52995580
Coq3,0.00000000,0.14378688,0.52858498
Gtpbp3,0.00000000,0.26007729,0.52818188
Lamp1,0.00000000,-0.12244639,0.52747447
Mavs,0.00000000,-0.35015862,0.52494027
Mug2,1.00000000,0.57090427,0.52389412
Ndufb10,0.00000000,-0.11371116,0.52376536
Cyp2d22,0.00000000,-0.10980005,0.52365556
Grpel2,0.00177300,-0.86563765,0.52345086
Ifit2,1.00000000,-0.91961413,0.52326796
Rps4x;Rps4l;Gm15013,0.00000000,0.49139462,0.52245614
Agpat2,0.00000000,0.49294829,0.52061671
Arf4,0.00000000,-0.19327026,0.51947370
Rac1;Rac2,0.00000000,0.33245692,0.51884574
Vapb,0.00000000,-0.17369601,0.51764146
Krt76,0.00628930,-0.22757934,0.51594528
Hccs,0.00000000,-0.12699660,0.51446095
Pgs1,0.00000000,-0.64693394,0.51311435
Hrg,0.00177620,-0.29167600,0.51196326
Bco2,0.00000000,-0.55747219,0.51025121
Abcb7,0.00000000,-0.14048484,0.51006388
Ctsf,0.00000000,0.68764060,0.50854790
Lyplal1,0.00000000,0.23753598,0.50791378
Acss3,0.00000000,-0.07797804,0.50466216
Trim14,0.00634370,-0.38042166,0.50440055
Glyctk,0.00000000,0.10396522,0.50153969
Gsta3,0.00000000,-0.30221803,0.49936437
Serpina3k,0.00000000,0.12860730,0.49819896
mt-Nd5;Mtnd5,0.00000000,-0.19823865,0.49818267
Tmem143,0.00000000,0.18093912,0.49813245
G6pc,0.00000000,0.29812240,0.49801482
Comtd1,0.00000000,-0.22534736,0.49728331
Uqcrh,0.00000000,0.40494880,0.49453592
Hsd3b5,0.00000000,-0.19651716,0.49421871
Atp5f1,0.00000000,0.22329658,0.49301515
Slc9a3r1,0.00000000,-0.14008163,0.49096462
Acly,0.00000000,0.24599165,0.48995829
Sdhaf1,0.00000000,0.33103490,0.48802927
Irgm1,0.00000000,0.09393563,0.48775170
Dio1,0.00000000,0.47870541,0.48617784
Tstd3,0.00000000,-0.14030424,0.48616441
Mtfmt,0.00000000,-0.32816660,0.48160216
Gnb1,0.00000000,0.76935289,0.47972397
Olfr578,1.00000000,-0.83782727,0.47916252
Ptcd2,0.00000000,-0.17139847,0.47916189
Tmem135,0.00000000,-0.13548244,0.47865399
Rmdn3,0.00000000,0.17662723,0.47696407
Nudt1,0.00059701,0.51131842,0.47629902
Them4,0.00000000,0.19318723,0.47502726
Myl1;Myl3,0.00000000,0.44456883,0.47492041
Mtpap,0.00000000,-0.10548691,0.47443799
Rgn,0.00000000,0.18233237,0.47275651
Adck3,0.00000000,0.10399481,0.47268615
Mrps2,0.00000000,0.10531330,0.47096846
Coq10b,0.00000000,0.27345822,0.47072663
Smim20,0.00000000,-0.17260451,0.47024526
Selenbp1;Selenbp2,0.00000000,0.27990790,0.47012940
Clpx,0.00000000,-0.16209603,0.46840148
Afg3l2,0.00000000,-0.10635302,0.46767363
Vkorc1,0.00000000,0.61938408,0.46661402
Txnrd1,0.00000000,-0.09679450,0.46640884
Nadk2,0.00000000,0.06061161,0.46582171
Psap,0.00000000,-0.30424192,0.46245224
Ppa2,0.00000000,0.06094422,0.46140489
Asph,0.00000000,0.14917462,0.46094525
Hspa5,0.00000000,0.08307837,0.46029154
Hadhb,0.00000000,-0.06221236,0.45991952
Cars2,0.00000000,0.12754616,0.45874823
Ctsa,0.00000000,-0.25663752,0.45757694
Zmpste24,0.00000000,-0.18223997,0.45711603
Hebp1,0.00000000,0.14177607,0.45615496
Acads,0.00000000,-0.05417525,0.45606808
Mrps35,0.00000000,-0.09789716,0.45548412
Actr3b;Actr3,0.00000000,-0.19030172,0.45350361
Mrpl50,0.00000000,0.19601018,0.45277879
Rbp4,0.00000000,-0.38940348,0.45250056
Atp1a1,0.00000000,0.62126451,0.45018880
Hdlbp,1.00000000,-0.78481264,0.44992884
Hacl1,0.00000000,-0.09971733,0.44985488
Mtif3,0.00000000,-0.39390619,0.44945863
Lgals3bp,0.00000000,-0.23106181,0.44907552
Tspo,0.00000000,0.37979065,0.44907338
Surf4,0.00000000,-0.11805236,0.44814824
Ndufa1,0.00000000,-0.27113109,0.44712665
Selt,0.00000000,0.18507921,0.44686327
C9,0.00000000,-0.38661458,0.44587425
Parl,0.00000000,-0.26451159,0.44563592
Bdh1,0.00000000,-0.14660468,0.44270291
Cyp4a10;Cyp4a32,0.00000000,-0.19886703,0.44232117
Rab17,0.00000000,-0.44980769,0.44226863
Decr2,0.00000000,0.18971471,0.44212889
Chchd6,0.00000000,0.38796265,0.44134900
Ormdl1,1.00000000,-0.76936348,0.44132289
Cad,0.00000000,-0.23545983,0.44074482
Afg3l1,0.00000000,-0.12944656,0.44008030
Sec11a,0.00000000,0.16525379,0.43973508
Taz,0.00630370,-0.76355041,0.43807509
Pmvk,0.00000000,-0.29311569,0.43632710
Hist1h2al;Hist2h2ac;Hist2h2aa1;Hist1h2aa;Hist1h2ah;H2afj;Hist1h2ak;Hist1h2af;Hist3h2a;Hist1h2ab,0.00000000,0.46508186,0.43628643
Ndufv3,0.00000000,-0.14622010,0.43408968
Cyp2c70,0.00000000,0.15274964,0.43316789
Prcp,0.00000000,-0.56971897,0.43271406
Vps13d,0.00000000,0.35886602,0.43084610
Stt3b,0.00000000,-0.15893095,0.42702167
Tomm7,0.00176780,-0.43860832,0.42416420
Cox4i1,0.00000000,-0.10617120,0.42370208
Mrps6,0.00000000,-0.16388458,0.42300128
Timmdc1,0.00000000,-0.18953247,0.42092687
Mrpl23,0.00000000,-0.12930025,0.42069300
Mup14,0.00000000,0.59732033,0.42066187
Metap1d,0.00000000,0.07272322,0.41801863
Kmo,0.00000000,-0.12623060,0.41788744
Serpinc1,0.00000000,-0.13160780,0.41787020
Col6a1,0.00000000,0.17468925,0.41724565
Abhd11,0.00000000,0.14669523,0.41668741
Cpq,0.00000000,-0.20729398,0.41523201
Mterf4,0.00682210,0.23202374,0.41335138
Glrx2,0.00000000,0.23175954,0.41241052
Ywhag,0.00000000,0.26985483,0.41052881
Rpn1,0.00000000,0.10447052,0.41011362
Rb1cc1,0.00000000,-0.71362467,0.40997678
Sgpl1,0.00000000,-0.13672279,0.40977630
Tmem261,0.00000000,-0.14056037,0.40891592
Calr,0.00000000,0.08120377,0.40861296
Emc7,0.00000000,0.22099142,0.40840764
Tcirg1,0.00000000,-0.19153747,0.40400578
Lypla1,0.00000000,-0.19485592,0.40312396
Hsd17b2,0.00000000,0.08775469,0.40222390
,0.00000000,0.48522552,0.39754542
Acsm2,0.00000000,-0.16137159,0.39568296
Gnai3;Gnai1;Gnai2,0.00000000,-0.34656325,0.39391916
Ccdc127,0.00000000,0.23851665,0.39134071
Cyp2j5,0.00000000,0.11325027,0.39082263
Fth1,0.00059773,-0.26244995,0.38933118
Pdhb,0.00000000,-0.08609445,0.38724017
Gstp1;Gstp2,0.00000000,0.23077691,0.38516671
Tysnd1,0.00000000,0.03343080,0.38488696
Rtn3,0.00000000,0.31319791,0.38486895
Ndufv3,0.00000000,0.17556068,0.38048056
Mup2,0.00406500,0.43621248,0.37945400
Fam210a,0.00000000,-0.15060452,0.37865525
Reep6,0.00000000,0.13345329,0.37509747
Mrps21,0.00000000,-0.14949353,0.37465586
Timm23,0.00000000,-0.25225457,0.37314452
Mrps34,0.00000000,-0.18474238,0.37212961
Atp5i,0.00000000,0.14312519,0.36997802
Fis1,0.00000000,-0.12627915,0.36759319
Trub2,0.00000000,0.32644398,0.36727757
Abhd14b,0.00000000,0.10801933,0.36374464
Carkd,0.00000000,-0.08729892,0.36333992
Pex16,0.00000000,0.13765551,0.36132913
Sco1,0.00000000,-0.13092576,0.36050944
Cyp2b23,1.00000000,0.45934894,0.35953341
Echs1,0.00000000,-0.12184703,0.35946390
Cml2,0.00000000,0.07890011,0.35926350
H2-Q10,0.00000000,-0.08777857,0.35570626
Mup19;Mup9,0.00000000,0.35160132,0.35556034
Ndufv2,0.00000000,0.14672041,0.35478117
Timm22,0.00000000,0.23993279,0.35402695
Mrpl52,0.00000000,0.36624058,0.35300871
Suclg1,0.00000000,0.09358516,0.35250801
Xpnpep1,0.00000000,0.17980446,0.35249304
Mrpl42,0.00000000,0.23126440,0.35249280
,0.00000000,0.11227186,0.35172392
Mrpl21,0.00000000,0.16394872,0.35154501
Tmem256,0.00000000,-0.15160977,0.35090232
Mtch2,0.00631460,-0.44956324,0.34907889
Spryd4,0.00000000,-0.16416125,0.34886980
Uqcrfs1,0.00000000,-0.07560706,0.34622119
Prdx3,0.00000000,-0.14169284,0.34507523
Fgb,0.00000000,0.05805102,0.34384224
Polg,0.00627140,0.18573883,0.34370782
Ptpmt1,0.00000000,-0.11335302,0.34280687
Ces2e,0.00000000,-0.07965562,0.34214360
Rps16,0.00233370,0.15617977,0.33662517
Dnajb11,0.00000000,0.10301969,0.33629745
Gstz1,0.00000000,0.54570991,0.33573559
Ak2,1.00000000,-0.45297259,0.33483544
Macrod1,0.00000000,-0.10114322,0.33463931
Mrps11,0.00000000,-0.09937128,0.33313583
Try10,0.00952380,0.29690845,0.33199818
Mtch1,0.00000000,-0.17522797,0.32939478
Pbld1,0.00000000,0.08110264,0.32926537
Ces2g,0.00000000,0.07490494,0.32794654
Bche,0.00000000,-0.25743812,0.32744243
Nt5c3a,0.00000000,-0.13390184,0.32737961
Hibadh,0.00000000,-0.09091102,0.32694590
Tmem11,0.00000000,0.07396265,0.32608692
Cyp2c50,0.00000000,0.12187110,0.32305566
Mtx2,0.00000000,-0.10145673,0.32247223
Mrpl12,0.00000000,-0.09086071,0.32245710
Tmed5,0.00000000,0.28969108,0.32213449
Pdia4,0.00000000,0.03932648,0.32179890
Cisd3,0.00953980,0.16492464,0.32087673
Bola3,0.00000000,0.13710337,0.32008738
Vdac3,0.00000000,-0.17699862,0.31790843
Diablo,0.00000000,0.14077625,0.31571323
Atp5d,0.00000000,-0.12182033,0.31556102
Tor1aip2,0.00000000,0.16515716,0.31522781
Mcfd2,0.00000000,-0.19523469,0.31301000
Emc10,0.00000000,0.36726846,0.31201289
Slc27a2,0.00000000,-0.12504907,0.31008010
Apoc3,0.00000000,0.24713628,0.30916511
Srd5a1,0.00000000,0.13234778,0.30838328
Slco1b2,0.00000000,-0.24721458,0.30699386
Comt,0.00000000,-0.12079388,0.30660723
Gadd45gip1,0.00000000,0.17587255,0.30604631
Urah,0.00000000,0.15549549,0.30546082
Mrpl51,0.00000000,-0.15725023,0.30526941
Ahsg,0.00000000,0.27657485,0.30514851
Ugt2a2,1.00000000,0.33765579,0.30322869
Timm50,0.00000000,-0.10764056,0.30278135
Pet112,0.00000000,0.08468954,0.30271585
Tmx1,0.00000000,0.29933426,0.30221674
Wbscr16,0.00000000,0.18176551,0.30176806
Bckdhb,0.00000000,0.10682816,0.29943759
Elovl1,0.00000000,0.26888140,0.29873871
Arf5,1.00000000,-0.51536828,0.29562954
Fkbp3,0.00000000,0.26852603,0.29518105
Fam73b,0.00000000,0.24405073,0.29346442
Dhrs1,0.00000000,-0.10451458,0.29102948
Mrps24,0.00234740,0.22758821,0.29099887
Rap1a,1.00000000,0.28957798,0.29011035
Rpl10;Rpl10l,0.00000000,0.15747833,0.28895524
Bcl2l13,0.00000000,-0.12976978,0.28808710
Nit1,0.00000000,-0.12691644,0.28799724
Ces1e,0.00000000,-0.13739650,0.28655900
Pycr2,0.00000000,0.11393274,0.28651750
Gfer,0.00000000,-0.06352644,0.28578292
Apoa1,0.00000000,0.16510314,0.28576140
Alas2,0.00000000,-0.12465070,0.28494127
Baat,0.00000000,-0.07302068,0.28351640
Rpl34,0.00177410,0.16990059,0.28311256
Slc25a44,0.00000000,0.29491931,0.28091806
Lss,0.00000000,0.06629913,0.28066434
Rdh14,0.00000000,-0.06078810,0.27843847
Slc25a10,0.00000000,-0.07816610,0.27824572
Ddx28,0.00000000,0.11865800,0.27816467
Dtymk,0.00000000,0.13745003,0.27783483
Actg1;Actb,0.00000000,0.10393052,0.27656893
Slc25a20,0.00000000,0.16787204,0.27619619
Dnaja3,0.00000000,-0.16018069,0.27426099
Micu3,0.00234880,-0.18550191,0.27342137
Cox6a1,0.00000000,-0.12647996,0.26845609
Sar1b;Sar1a,0.00629290,-0.13737153,0.26843811
Rab5a,0.00000000,-0.11456071,0.26817062
Hibch,0.00000000,-0.03574744,0.26725112
Siae,0.00000000,-0.20255196,0.26623411
Clip1,0.00951320,-0.08736910,0.26554445
Atp5a1,0.00000000,0.03195652,0.26352144
Wars2,0.00000000,0.06359741,0.26323335
Uqcr10,0.00000000,-0.10644220,0.26272142
Acaa1b,0.00000000,0.08398244,0.26168606
Mpc1,0.00000000,0.12237443,0.26133326
Agmo,0.00000000,-0.26659136,0.25892161
Coa6,0.00000000,0.10864435,0.25676974
Rdh13,0.00000000,0.05441579,0.25646584
Exd2,0.00000000,-0.15095196,0.25391243
Coq7,0.00000000,0.08638595,0.25390319
Gm20390;Nme2,0.00000000,0.08510318,0.25340182
Pex26,0.00000000,-0.12101959,0.25267940
Rab8b,0.00000000,-0.17093434,0.25145554
Serping1,0.00000000,-0.13991921,0.24708619
Nmnat3,0.00000000,-0.16234160,0.24663019
Mrpl37,0.00000000,-0.05171107,0.24595901
Pex1,0.00000000,-0.12694098,0.24529150
Hsd17b10,0.00000000,0.06418736,0.24275431
Micu1,0.00000000,0.14030059,0.24239033
mt-Nd2;Mtnd2,0.00000000,0.18016579,0.24231889
Atl3,0.00000000,0.03495282,0.24080931
Atp5j,0.00000000,0.12534818,0.24036160
Rps10,0.00000000,0.24552868,0.23828443
Atp5c1,0.00000000,-0.09103006,0.23827187
C1qbp,0.00000000,0.13817060,0.23741743
Pyurf,0.00233780,-0.41517983,0.23694675
Gpd1,0.00000000,0.05576917,0.23662042
Lap3,0.00000000,-0.02959997,0.23618935
C3,0.00000000,0.17657415,0.23603619
Fam173a,0.00000000,-0.05209945,0.23601980
Rpl23,0.00000000,0.13254339,0.23580991
1110008L16Rik;Kiaa0391,0.00000000,0.07834682,0.23495876
Dlst,0.00000000,-0.03565467,0.23481371
Trabd,0.00000000,-0.05814097,0.23460470
Acad8,0.00000000,0.09563341,0.23407116
Rpl10a,0.00000000,0.06782426,0.23380840
Mettl17,0.00000000,-0.15686118,0.23298539
Ugt1a9;Ugt1a10,0.00000000,0.15623158,0.23054515
Hemk1,0.00000000,-0.40361680,0.23016773
Bri3bp,0.00000000,-0.09355166,0.22957422
Tor1b,0.00948660,0.31867066,0.22861177
Acaa2,0.00000000,0.02700345,0.22833458
Rtn4,0.00000000,0.12186132,0.22810621
Vma21,0.00000000,0.30606216,0.22649726
Slc25a11,0.00000000,0.08109638,0.22584818
Dpp4,0.00000000,-0.11621310,0.22566013
Apoa2,0.00000000,-0.22650710,0.22433456
Ca5b,0.00000000,-0.05258664,0.22367981
Sirt3,0.00000000,0.12921240,0.22357010
Stx8,0.00000000,-0.23433650,0.22154998
Slc35d1,0.00000000,-0.14331745,0.22067264
Cml1,0.00000000,-0.10918816,0.21627676
Eci2,0.00000000,-0.30458085,0.21601195
Lyrm9,0.00000000,0.25623265,0.21585199
Nags,0.00000000,0.04715052,0.21548898
Sfxn1,0.00000000,-0.04877788,0.21437834
Lrrc59,0.00000000,0.06669406,0.21386433
Coa5,0.00000000,0.23543747,0.21181050
Lipt1,0.00000000,-0.10548483,0.21115087
Rhoa;Rhoc,0.00000000,-0.10618700,0.21092729
Coq4,0.00000000,-0.15597316,0.21060739
Pnpo,0.00000000,0.05861983,0.20936655
Tmed7,0.00000000,0.16897084,0.20775862
Nme1,0.00000000,0.19733330,0.20692957
Rab35,0.00000000,0.11751890,0.20611675
Oxnad1,0.00000000,0.09158945,0.20497235
Lyrm4,0.00000000,0.08932575,0.20384089
Hsdl1,0.00000000,-0.05825593,0.20271418
Fundc2,0.00000000,-0.12496791,0.20133613
Gpd2,0.00000000,-0.08231105,0.19913490
Por,0.00000000,-0.05590738,0.19838266
Trmu,0.00000000,0.09180186,0.19721143
Ndufa5,0.00000000,0.05441605,0.19707900
Cml1,1.00000000,0.15363505,0.19677894
Ept1,0.00000000,0.13658917,0.19072768
Got2,0.00000000,0.01435379,0.19036068
Tmem14a,0.00000000,-0.20134766,0.18954514
Dbt,0.00000000,0.02460599,0.18788100
Cpt1b,1.00000000,-0.16190924,0.18571516
Micu2,0.00000000,0.12896016,0.18483129
Ywhaz,0.00000000,-0.20850086,0.18424150
Mrpl54,0.00000000,-0.08306936,0.18342482
Sars2,0.00000000,-0.03195114,0.18299557
Slc25a5,0.00000000,-0.04682090,0.18177981
Manba,0.00000000,0.15433064,0.18164217
Sirt5,0.00000000,0.09561561,0.18112884
Cyp27a1,0.00000000,0.03768328,0.18048458
Cox20,0.00000000,0.10903953,0.18030488
Abhd10,0.00846020,0.19095394,0.17826391
Fdxr,0.00000000,-0.02648787,0.17484998
Ndufa11,0.00000000,0.11922988,0.17449699
Rpl35;Gm10269,0.00000000,0.07696634,0.17427934
Rpl17,0.00000000,-0.07624778,0.17399636
Ube2v1;Gm20431,0.00000000,-0.14926581,0.17358474
Timm9,0.00000000,-0.07305592,0.17226229
Gstm1,0.00000000,-0.07124261,0.17116769
Creg1,0.00000000,0.09252239,0.17074583
Mrps36,0.00000000,-0.08107662,0.17059838
Rpl21,0.00000000,0.07856602,0.16928729
Mrpl57,0.00000000,0.07253136,0.16924918
Rplp0;Gm8730,0.00000000,0.06164732,0.16905130
Serpina1d,0.00000000,0.05322778,0.16766307
Slc37a4,0.00000000,-0.08241467,0.16617192
Mrpl16,0.00000000,-0.13732823,0.16448659
Fndc3b,0.00000000,0.10533407,0.16394177
Tst,0.00000000,-0.02523264,0.16361077
Echdc2,0.00000000,0.04318769,0.16322931
Pet100,0.00000000,0.05677976,0.16272546
Scp2,0.00000000,0.04576262,0.16271221
Gm10260;Rps18,0.00000000,-0.10515439,0.16165023
Idh2,0.00000000,-0.05336352,0.16148765
Hist1h4a,0.00000000,0.09302641,0.16104645
Mrpl19,0.00000000,-0.07700044,0.15977917
Hsdl2,0.00000000,0.03391588,0.15899795
Atp2a2,0.00000000,0.04787335,0.15769358
Rer1,0.00000000,0.06426689,0.15680839
Apoa1bp,0.00000000,-0.06447505,0.15652319
Bcs1l,0.00000000,-0.04208017,0.15604273
Krtcap2,0.00000000,-0.16520483,0.15585923
Srpr,0.00000000,0.18514873,0.15537888
Soat2,0.00000000,0.08621170,0.15504797
Fech,0.00000000,0.05757068,0.15489494
Apoo,0.00000000,0.07441453,0.15136769
Rplp1;Gm10073,0.00000000,-0.06437868,0.15124391
0610011F06Rik,0.00000000,0.04791407,0.15092750
Cyp39a1,0.00000000,-0.10922305,0.14945868
Chchd3,0.00000000,-0.08854015,0.14752778
Rpl13a,0.00000000,0.05585081,0.14749097
,0.00000000,-0.22422157,0.14668872
Uqcc1,0.00000000,-0.08731585,0.14284329
Rps20,0.00000000,0.21675896,0.14227772
Slc25a46,0.00000000,0.03892310,0.14076364
Adhfe1,0.00000000,0.03130975,0.14066823
Gatc,0.00000000,0.11018056,0.13925660
Arsb,0.00000000,0.13785884,0.13706315
D10Jhu81e,0.00000000,-0.05460271,0.13536582
Mtfr1,0.00000000,0.09267250,0.13489068
Pex3,0.00000000,0.03768228,0.13407643
Rab5c,0.00000000,0.06764313,0.12924668
Tufm;Gm9755,0.00000000,0.03330691,0.12844698
Cstb,0.00290870,-0.22769604,0.12767886
Ptms,0.00234600,-0.09246245,0.12763101
mt-Nd3;Mtnd3,0.00000000,0.15209962,0.12619868
Arpc2,0.00000000,-0.10246905,0.12572842
Acox2,0.00000000,-0.02195767,0.12513824
Dad1,0.00000000,0.05473533,0.12476848
Acadsb,0.00000000,0.03080930,0.12472723
Sc5d,0.00521440,0.12838016,0.12085370
Grn,0.00000000,0.14673229,0.11869987
Gpt2,0.00000000,-0.02654887,0.11811744
Rhpn1,0.00628570,-0.21042206,0.11773890
Nucb1,0.00000000,-0.05047072,0.11652865
Ormdl2,0.00000000,0.05020785,0.11499461
Ostc,0.00000000,-0.16653820,0.11412016
Acadl,0.00000000,-0.02543020,0.11314397
,0.00000000,0.03840796,0.11234106
Mrpl20,0.00000000,0.06577164,0.11070985
Ddost,0.00000000,0.03270437,0.10958567
Adprhl2,0.00000000,0.09042348,0.10740630
Atp7b,0.00234470,-0.11244094,0.10606614
Iigp1,0.00000000,0.05740693,0.10220185
Cox17,0.00000000,-0.04700235,0.10192462
Mdh1,0.00000000,0.02552981,0.10097315
Acadm,0.00000000,-0.01758056,0.10093613
Gstk1,0.00000000,0.03617688,0.09986636
Rps24,0.00000000,0.11660793,0.09860133
Dnaja3,0.00000000,0.02791409,0.09829739
Cs,0.00000000,-0.00873406,0.09570910
Uqcrc2,0.00000000,-0.01839145,0.09543343
Pdp2,0.00000000,-0.01621248,0.09506658
2310061I04Rik,0.00000000,-0.07803694,0.09341261
Aldh2,0.00000000,0.01783665,0.09331318
Ces2a,0.00000000,-0.00911509,0.09215795
Mtx1,0.00000000,0.02002443,0.08842548
Mrps5,0.00000000,-0.02514382,0.08624023
Sdf2l1,0.00000000,-0.03491722,0.08542136
Romo1,0.00000000,0.03931759,0.08235383
Mthfsl,0.00520530,0.06731309,0.08228936
Lyrm5,0.00000000,0.04195750,0.08151313
Ethe1,0.00000000,-0.03280968,0.08057564
Mrrf,0.00000000,0.03622483,0.08026260
Hsd17b4,0.00000000,-0.02434254,0.07938873
Napsa,0.00953450,-0.07630394,0.07931893
Etfb,0.00000000,-0.01503537,0.07613296
Pex14,0.00000000,0.02545939,0.07567708
Manf,0.00000000,0.03755383,0.07565870
Tango2,0.00000000,0.01888235,0.07536628
Pipox,0.00000000,-0.01812752,0.07504195
Mup3,0.00000000,0.02477398,0.07457868
Cyp7a1,0.00000000,-0.03371532,0.07441025
Crat,0.00000000,-0.02671939,0.07435429
Pex11g,0.00000000,-0.06308809,0.07421019
Smim4,0.00000000,0.04212860,0.07404419
Lyz1,0.00000000,-0.08572543,0.07392130
Gm1818;Tfb2m,0.00000000,0.07703868,0.07321956
Ubxn4,0.00000000,-0.06573067,0.07273122
Hexb,0.00000000,0.10493626,0.07127832
Immp1l,0.00000000,0.04640824,0.06931336
Slc35a3,0.00632180,-0.03900232,0.06912378
Vamp8,0.00000000,0.03877100,0.06875006
Mrps28,0.00000000,-0.02735211,0.06775719
Dhrs4,0.00000000,0.03014351,0.06727235
Mdp1,0.00000000,0.04453877,0.06594873
Cox19,0.00000000,0.04591987,0.06343692
Ces3a,0.00000000,0.01759086,0.06314245
Entpd5,0.00000000,0.01644621,0.06285569
Cyp8b1,0.00000000,0.04412108,0.06152368
Ccdc147,0.00059382,0.08283625,0.06026918
Tmem109,0.00000000,0.03626591,0.05933517
Pon1,0.00000000,-0.02070282,0.05818916
Eral1,0.00000000,-0.04484624,0.05751592
2210010C04Rik,0.00059809,0.06485414,0.05731148
Ca5a,0.00000000,-0.02917516,0.05638141
Rab2a,0.00000000,-0.01234976,0.05514009
Ube2n,0.00059630,0.04603202,0.05258073
Nt5dc3,0.00000000,-0.01552414,0.05197562
Hbbt1;Hbb-bs;Hbb-b1;Hbb-b2,0.00000000,-0.03012893,0.05153310
Cmc1,0.00000000,-0.03092974,0.05151800
Ociad1,0.00000000,-0.01463470,0.05142151
Acat1,0.00000000,-0.00960144,0.05074600
Tmco1,0.00000000,0.02433731,0.04998782
Acbd5,0.00000000,0.01335127,0.04826002
Gcat,0.00000000,0.01515262,0.04760618
Cyp4a14,0.00000000,-0.02113888,0.04671508
Dnpep,0.00000000,-0.02593618,0.04669876
Ganab,0.00000000,-0.01535706,0.04663003
Mrpl40,0.00000000,0.02678242,0.04640107
ORF11;0610007P14Rik,0.00000000,-0.02015640,0.04550944
ptplad1,0.00000000,-0.01045118,0.04541931
Ywhaq,0.00950250,-0.06822376,0.04480093
Ndufa3,0.00000000,-0.02321746,0.04431234
Ghitm,0.00000000,0.01944208,0.04395330
Hadha,0.00000000,0.00917995,0.04272911
Cox7c,0.00000000,0.02409609,0.04131654
Pgap1,0.00000000,0.03940098,0.04129460
Tmbim6,0.00000000,0.01858306,0.04073843
Ppm1k,0.00000000,-0.01619045,0.04001047
Vkorc1l1,0.00000000,0.03501579,0.03965355
Gbas,0.00000000,0.03083833,0.03846306
Nubpl,0.00000000,-0.01523050,0.03729168
Eci2,0.00000000,0.01228022,0.03600656
Synj2bp,0.00000000,0.01618483,0.03565314
Glud1,0.00000000,-0.00454711,0.03490105
Ccdc160,1.00000000,0.05331549,0.03379606
Rab1A,0.00059242,-0.01598356,0.03152855
Elovl2,0.00000000,0.01910382,0.03064796
F2,0.00000000,-0.01959874,0.02954943
Mpv17l,0.00000000,0.01762917,0.02933942
Naglu,0.00000000,0.02203016,0.02867587
Ccdc134,0.00000000,0.04708448,0.02736182
Asl,0.00233920,-0.02993720,0.02682095
Vimp,0.00291040,0.04169837,0.02539394
,0.00000000,0.04628308,0.02526241
Ormdl3,0.00000000,-0.01218329,0.02316759
Emc1,0.00000000,0.01252762,0.02288336
Lpcat3,0.00000000,0.00635585,0.02063633
Nme3,0.00000000,0.01452000,0.01983860
Sep-15,0.00000000,-0.00744439,0.01921860
Ndufa12,0.00000000,0.00690040,0.01914421
Aldh9a1,0.00000000,0.00581574,0.01653934
Cp,0.00000000,0.00437599,0.01624427
Ppif,0.00000000,0.00512135,0.01543193
Alkbh7,0.00000000,-0.00811059,0.01512301
Tpi1,0.00000000,-0.00876174,0.01387480
Otc,0.00000000,-0.00288450,0.01312572
Pex11b,0.00000000,0.00613795,0.01152920
Idh3b,0.00000000,0.00304287,0.01146365
Hdhd2,0.00000000,0.00760902,0.01103776
Akr1a1,0.00000000,0.00198391,0.00801314
Scd1;Scd4;Scd3;Scd2,0.00233640,0.00459136,0.00650048
Dhrs3,0.00000000,-0.00691011,0.00623975
Mcur1,0.00000000,-0.00189582,0.00564308
Ak4,0.00000000,0.00132465,0.00494175
Fkbp2,0.00000000,0.00209209,0.00435202
Alg14,1.00000000,-0.00750561,0.00406822
4930433I11Rik,0.00000000,-5.00000000,10.00000000
Abca16,1.00000000,-5.00000000,10.00000000
Zfp105,1.00000000,-5.00000000,10.00000000
Asgr1,0.00842700,-5.00000000,10.00000000
Pdha2,1.00000000,-5.00000000,10.00000000
Hist2h2ab;H2afx,0.00000000,-5.00000000,10.00000000